Name,Date,Total Cell,Live Cell,Dead Cell,Viability,Average Cell Size,Protocol,Total Num,Live Num,Dead Num
,27/05/2022 10:34,1.66E07,1.62E07,3.90E05,97.6%,13.4,DEFAULT,3530,3447,83
,27/05/2022 10:33,1.49E07,1.37E07,1.16E06,92.2%,13.0,DEFAULT,3168,2921,247
,27/05/2022 10:32,1.30E07,1.20E07,1.02E06,92.2%,13.2,DEFAULT,2779,2562,217
,27/05/2022 10:31,1.34E07,1.23E07,1.03E06,92.3%,13.3,DEFAULT,2847,2628,219
,27/05/2022 10:29,1.49E07,1.35E07,1.38E06,90.8%,13.3,DEFAULT,3169,2876,293
ror1-2,27/05/2022 09:24,1.16E07,1.03E07,1.34E06,88.5%,13.7,DEFAULT,2478,2193,285
,26/05/2022 14:48,3.77E06,3.70E06,7.04E04,98.1%,12.0,DEFAULT,803,788,15
,26/05/2022 14:48,4.01E06,3.93E06,7.04E04,98.2%,12.3,DEFAULT,853,838,15
,26/05/2022 13:42,4.42E06,4.26E06,1.64E05,96.3%,11.6,DEFAULT,941,906,35
,25/05/2022 13:08,6.02E06,5.20E06,8.22E05,86.4%,13.3,DEFAULT,1283,1108,175
,25/05/2022 13:07,5.71E06,4.72E06,9.86E05,82.7%,13.1,DEFAULT,1216,1006,210
,25/05/2022 13:06,6.82E06,5.56E06,1.26E06,81.5%,14.5,DEFAULT,1452,1184,268
,25/05/2022 13:04,5.55E06,4.76E06,7.89E05,85.8%,13.6,DEFAULT,1182,1014,168
,25/05/2022 13:03,6.95E06,6.41E06,5.35E05,92.3%,14.9,DEFAULT,1480,1366,114
,25/05/2022 13:01,6.43E06,5.59E06,8.41E05,86.9%,13.2,DEFAULT,1370,1191,179
,25/05/2022 13:00,5.81E06,4.89E06,9.20E05,84.2%,14.4,DEFAULT,1238,1042,196
,25/05/2022 12:58,5.30E06,4.53E06,7.70E05,85.5%,14.0,DEFAULT,1129,965,164
,25/05/2022 12:56,6.51E06,5.28E06,1.23E06,81.1%,13.8,DEFAULT,1386,1124,262
,25/05/2022 12:54,5.61E06,4.89E06,7.14E05,87.3%,14.4,DEFAULT,1194,1042,152
,25/05/2022 12:53,7.28E06,6.41E06,8.78E05,87.9%,15.0,DEFAULT,1551,1364,187
,25/05/2022 12:52,6.13E06,4.96E06,1.17E06,80.9%,12.7,DEFAULT,1306,1057,249
,25/05/2022 12:50,6.02E06,5.54E06,4.84E05,92.0%,14.4,DEFAULT,1282,1179,103
,25/05/2022 12:48,8.13E06,4.75E06,3.38E06,58.4%,13.9,DEFAULT,1731,1011,720
,25/05/2022 12:35,1.03E07,1.01E07,1.41E05,98.6%,12.2,DEFAULT,2182,2152,30
,25/05/2022 12:34,1.16E07,1.14E07,1.88E05,98.4%,12.5,DEFAULT,2474,2434,40
,25/05/2022 12:33,9.53E06,9.38E06,1.46E05,98.5%,12.7,DEFAULT,2029,1998,31
,25/05/2022 12:32,1.01E07,9.99E06,1.22E05,98.8%,12.7,DEFAULT,2154,2128,26
,25/05/2022 12:31,8.25E06,8.11E06,1.36E05,98.3%,13.0,DEFAULT,1757,1728,29
,25/05/2022 10:05,7.65E06,6.41E06,1.25E06,83.7%,12.6,DEFAULT,1629,1364,265
,25/05/2022 10:04,9.95E06,8.57E06,1.38E06,86.1%,12.3,DEFAULT,2119,1825,294
,25/05/2022 10:03,9.36E06,8.33E06,1.03E06,89.0%,16.6,DEFAULT,1993,1773,220
,25/05/2022 10:02,9.56E06,8.48E06,1.08E06,88.7%,14.8,DEFAULT,2036,1806,230
,25/05/2022 10:01,8.45E06,7.58E06,8.69E05,89.7%,16.1,DEFAULT,1800,1615,185
,25/05/2022 10:00,1.13E07,9.32E06,1.96E06,82.6%,13.8,DEFAULT,2403,1985,418
,24/05/2022 14:33,8.50E06,8.41E06,8.92E04,99.0%,12.2,DEFAULT,1810,1791,19
,24/05/2022 09:18,6.27E06,5.41E06,8.59E05,86.3%,14.0,DEFAULT,1335,1152,183
,24/05/2022 09:15,9.78E06,8.55E06,1.24E06,87.4%,14.4,DEFAULT,2083,1820,263
,24/05/2022 09:14,8.95E06,6.79E06,2.16E06,75.9%,14.5,DEFAULT,1905,1445,460
,24/05/2022 09:13,8.76E06,7.12E06,1.65E06,81.2%,14.5,DEFAULT,1866,1515,351
,24/05/2022 09:12,9.00E06,6.70E06,2.30E06,74.4%,14.0,DEFAULT,1917,1427,490
,24/05/2022 09:11,9.21E06,6.55E06,2.66E06,71.1%,13.5,DEFAULT,1961,1395,566
,24/05/2022 09:09,6.89E06,6.78E06,1.08E05,98.4%,12.1,DEFAULT,1467,1444,23
,24/05/2022 09:08,6.36E06,6.25E06,1.17E05,98.2%,13.0,DEFAULT,1355,1330,25
,23/05/2022 15:04,6.96E06,6.83E06,1.27E05,98.2%,12.0,DEFAULT,1482,1455,27
,23/05/2022 15:03,5.07E06,5.01E06,6.57E04,98.7%,13.0,DEFAULT,1080,1066,14
,23/05/2022 11:40,6.06E06,5.95E06,1.08E05,98.2%,12.8,DEFAULT,1290,1267,23
,23/05/2022 11:38,8.04E06,7.62E06,4.27E05,94.7%,16.2,DEFAULT,1713,1622,91
,23/05/2022 11:37,6.63E06,4.67E06,1.96E06,70.5%,14.9,DEFAULT,1412,995,417
,23/05/2022 11:34,8.67E06,8.29E06,3.76E05,95.7%,14.8,DEFAULT,1846,1766,80
,23/05/2022 10:53,7.14E06,6.51E06,6.34E05,91.1%,13.8,DEFAULT,1521,1386,135
,23/05/2022 10:53,7.12E06,6.18E06,9.44E05,86.8%,13.3,DEFAULT,1517,1316,201
,23/05/2022 10:51,6.21E06,5.10E06,1.12E06,82.0%,13.6,DEFAULT,1323,1085,238
,23/05/2022 10:50,7.04E06,6.16E06,8.78E05,87.5%,13.4,DEFAULT,1499,1312,187
,23/05/2022 10:49,7.79E06,7.01E06,7.84E05,89.9%,13.8,DEFAULT,1659,1492,167
,23/05/2022 10:48,8.82E06,7.75E06,1.07E06,87.9%,13.7,DEFAULT,1879,1651,228
,23/05/2022 10:46,6.87E06,5.91E06,9.63E05,86.0%,13.9,DEFAULT,1463,1258,205
,23/05/2022 10:45,6.22E06,5.17E06,1.06E06,83.0%,13.2,DEFAULT,1325,1100,225
,23/05/2022 10:44,7.49E06,5.18E06,2.32E06,69.1%,13.2,DEFAULT,1595,1102,493
,23/05/2022 10:42,7.83E06,6.97E06,8.59E05,89.0%,14.2,DEFAULT,1667,1484,183
,23/05/2022 10:41,7.33E06,6.43E06,9.02E05,87.7%,14.1,DEFAULT,1561,1369,192
,23/05/2022 10:39,8.05E06,6.91E06,1.14E06,85.8%,13.4,DEFAULT,1714,1471,243
,23/05/2022 10:37,7.91E06,7.10E06,8.12E05,89.7%,13.7,DEFAULT,1685,1512,173
,23/05/2022 10:35,9.27E06,6.63E06,2.65E06,71.4%,13.1,DEFAULT,1975,1411,564
,23/05/2022 09:59,5.15E06,3.58E06,1.57E06,69.5%,15.2,DEFAULT,1096,762,334
,23/05/2022 09:52,7.18E06,5.77E06,1.41E06,80.4%,13.2,DEFAULT,1528,1228,300
,23/05/2022 09:49,6.41E06,5.60E06,8.12E05,87.3%,17.0,DEFAULT,1365,1192,173
,23/05/2022 09:48,6.18E06,3.56E06,2.62E06,57.7%,14.5,DEFAULT,1316,759,557
,23/05/2022 09:31,1.01E07,8.66E06,1.41E06,86.0%,14.9,DEFAULT,2144,1843,301
,23/05/2022 09:30,9.79E06,6.55E06,3.24E06,66.9%,13.7,DEFAULT,2084,1394,690
,23/05/2022 09:29,8.88E06,6.48E06,2.41E06,72.9%,14.1,DEFAULT,1892,1379,513
,23/05/2022 09:28,9.60E06,6.71E06,2.89E06,69.9%,13.5,DEFAULT,2044,1428,616
,23/05/2022 09:27,1.07E07,8.50E06,2.22E06,79.3%,14.2,DEFAULT,2283,1810,473
,23/05/2022 09:26,6.70E06,6.58E06,1.22E05,98.2%,12.5,DEFAULT,1427,1401,26
,23/05/2022 09:24,4.84E06,4.69E06,1.55E05,96.8%,12.0,DEFAULT,1031,998,33
,20/05/2022 13:59,8.19E06,6.91E06,1.28E06,84.3%,14.4,DEFAULT,1744,1471,273
,20/05/2022 13:58,1.21E07,1.07E07,1.44E06,88.1%,13.5,DEFAULT,2576,2269,307
,20/05/2022 13:57,1.30E07,1.16E07,1.44E06,88.9%,13.8,DEFAULT,2768,2461,307
,20/05/2022 13:56,1.16E07,1.01E07,1.52E06,86.9%,14.1,DEFAULT,2470,2146,324
,20/05/2022 13:55,1.24E07,1.09E07,1.50E06,87.9%,13.5,DEFAULT,2631,2312,319
,20/05/2022 13:54,1.13E07,9.88E06,1.39E06,87.6%,13.9,DEFAULT,2401,2104,297
,20/05/2022 13:52,1.34E07,1.21E07,1.29E06,90.4%,13.4,DEFAULT,2852,2578,274
,20/05/2022 13:49,8.08E06,6.96E06,1.12E06,86.1%,13.6,DEFAULT,1721,1482,239
,20/05/2022 13:45,8.23E06,7.30E06,9.25E05,88.8%,14.6,DEFAULT,1752,1555,197
,20/05/2022 13:38,8.61E06,7.80E06,8.08E05,90.6%,14.5,DEFAULT,1833,1661,172
,20/05/2022 13:36,5.45E06,4.67E06,7.79E05,85.7%,14.1,DEFAULT,1161,995,166
,20/05/2022 13:34,1.25E07,1.13E07,1.16E06,90.7%,13.4,DEFAULT,2653,2406,247
,19/05/2022 12:12,5.76E06,5.65E06,1.13E05,98.0%,12.4,DEFAULT,1227,1203,24
,19/05/2022 12:11,4.91E06,4.85E06,5.63E04,98.9%,12.0,DEFAULT,1045,1033,12
,19/05/2022 12:02,3.54E06,3.40E06,1.36E05,96.1%,15.0,DEFAULT,753,724,29
,19/05/2022 12:01,4.10E06,3.84E06,2.63E05,93.6%,11.9,DEFAULT,873,817,56
,19/05/2022 12:00,4.21E06,3.96E06,2.49E05,94.1%,12.5,DEFAULT,897,844,53
,18/05/2022 12:49,3.97E06,2.44E05,3.72E06,6.2%,12.2,DEFAULT,845,52,793
,18/05/2022 12:43,7.50E06,7.38E06,1.17E05,98.4%,12.1,DEFAULT,1597,1572,25
,18/05/2022 10:28,1.16E07,1.13E07,2.30E05,98.0%,12.8,DEFAULT,2463,2414,49
,18/05/2022 10:27,8.08E06,7.95E06,1.31E05,98.4%,12.5,DEFAULT,1720,1692,28
,18/05/2022 10:25,9.59E06,9.43E06,1.64E05,98.3%,12.1,DEFAULT,2043,2008,35
,18/05/2022 09:57,7.31E06,5.85E06,1.46E06,80.0%,15.1,DEFAULT,1556,1245,311
,18/05/2022 09:56,5.58E06,4.30E06,1.28E06,77.1%,16.2,DEFAULT,1188,916,272
,18/05/2022 09:40,7.14E06,6.30E06,8.36E05,88.3%,16.0,DEFAULT,1520,1342,178
,18/05/2022 09:40,5.62E06,5.06E06,5.59E05,90.1%,16.3,DEFAULT,1196,1077,119
,18/05/2022 09:39,6.89E06,5.94E06,9.49E05,86.2%,15.4,DEFAULT,1467,1265,202
,18/05/2022 09:35,6.72E06,5.03E06,1.70E06,74.8%,14.2,DEFAULT,1432,1071,361
,18/05/2022 09:34,6.33E06,5.28E06,1.05E06,83.5%,15.2,DEFAULT,1348,1125,223
,18/05/2022 09:32,8.39E06,8.01E06,3.76E05,95.5%,14.7,DEFAULT,1786,1706,80
,18/05/2022 09:31,7.39E06,6.55E06,8.41E05,88.6%,13.1,DEFAULT,1573,1394,179
,18/05/2022 09:29,7.00E06,6.63E06,3.71E05,94.7%,15.2,DEFAULT,1490,1411,79
,18/05/2022 09:28,5.64E06,5.34E06,2.96E05,94.8%,15.9,DEFAULT,1201,1138,63
,18/05/2022 09:27,7.85E06,7.41E06,4.46E05,94.3%,15.1,DEFAULT,1672,1577,95
,18/05/2022 09:09,7.18E06,5.48E06,1.70E06,76.3%,16.1,DEFAULT,1529,1166,363
,18/05/2022 09:08,7.35E06,4.94E06,2.42E06,67.1%,14.8,DEFAULT,1566,1051,515
,17/05/2022 13:52,2.50E06,2.45E06,5.17E04,97.9%,12.5,DEFAULT,532,521,11
,17/05/2022 12:25,9.27E06,9.11E06,1.55E05,98.3%,12.5,DEFAULT,1974,1941,33
,17/05/2022 12:24,7.96E06,7.84E06,1.27E05,98.4%,12.6,DEFAULT,1696,1669,27
,17/05/2022 12:03,8.23E06,7.91E06,3.15E05,96.2%,15.0,DEFAULT,1752,1685,67
,17/05/2022 12:01,6.33E06,5.93E06,4.09E05,93.6%,16.1,DEFAULT,1349,1262,87
,17/05/2022 11:29,8.48E06,8.16E06,3.19E05,96.2%,16.6,DEFAULT,1805,1737,68
,17/05/2022 11:28,7.80E06,7.18E06,6.20E05,92.1%,15.6,DEFAULT,1662,1530,132
,17/05/2022 10:24,5.69E06,5.58E06,1.08E05,98.1%,13.4,DEFAULT,1212,1189,23
,17/05/2022 09:28,7.19E06,7.08E06,1.13E05,98.4%,12.1,DEFAULT,1531,1507,24
,17/05/2022 09:26,7.65E06,5.73E06,1.92E06,74.8%,14.2,DEFAULT,1630,1220,410
,17/05/2022 09:25,8.12E06,6.97E06,1.15E06,85.9%,15.5,DEFAULT,1728,1484,244
,17/05/2022 09:24,7.53E06,5.80E06,1.74E06,76.9%,15.3,DEFAULT,1604,1234,370
,17/05/2022 09:22,6.76E06,4.70E06,2.07E06,69.4%,15.2,DEFAULT,1440,1000,440
,17/05/2022 07:52,4.53E06,4.42E06,1.08E05,97.6%,13.1,DEFAULT,964,941,23
,17/05/2022 07:50,4.45E06,4.35E06,1.03E05,97.7%,13.7,DEFAULT,948,926,22
,16/05/2022 15:46,9.12E06,8.27E06,8.55E05,90.6%,15.7,DEFAULT,1943,1761,182
,16/05/2022 15:43,9.37E06,8.48E06,8.92E05,90.5%,15.8,DEFAULT,1995,1805,190
,16/05/2022 15:40,8.28E06,7.50E06,7.79E05,90.6%,15.7,DEFAULT,1763,1597,166
,16/05/2022 15:39,9.72E06,9.31E06,4.04E05,95.8%,15.2,DEFAULT,2069,1983,86
,16/05/2022 15:38,8.38E06,7.21E06,1.17E06,86.0%,15.3,DEFAULT,1785,1535,250
,16/05/2022 15:35,8.23E06,7.61E06,6.20E05,92.5%,16.5,DEFAULT,1753,1621,132
,16/05/2022 15:33,1.04E07,9.61E06,7.75E05,92.5%,15.6,DEFAULT,2212,2047,165
,16/05/2022 14:31,3.55E06,3.43E06,1.17E05,96.7%,16.2,DEFAULT,756,731,25
,16/05/2022 14:29,4.73E06,4.60E06,1.27E05,97.3%,12.5,DEFAULT,1007,980,27
,16/05/2022 12:13,3.02E06,2.95E06,6.57E04,97.8%,13.5,DEFAULT,643,629,14
,16/05/2022 11:57,9.27E06,8.72E06,5.45E05,94.1%,15.0,DEFAULT,1973,1857,116
,16/05/2022 11:56,7.30E06,6.96E06,3.33E05,95.4%,15.8,DEFAULT,1554,1483,71
,16/05/2022 11:55,7.22E06,6.63E06,5.96E05,91.7%,14.8,DEFAULT,1538,1411,127
,16/05/2022 11:54,1.05E07,1.03E07,1.74E05,98.3%,13.0,DEFAULT,2236,2199,37
,16/05/2022 11:53,7.72E06,7.14E06,5.82E05,92.5%,15.1,DEFAULT,1644,1520,124
,16/05/2022 11:52,7.59E06,7.03E06,5.68E05,92.5%,14.8,DEFAULT,1617,1496,121
,16/05/2022 11:44,9.33E06,8.92E06,4.04E05,95.7%,15.7,DEFAULT,1986,1900,86
,16/05/2022 11:43,8.18E06,7.70E06,4.84E05,94.1%,15.0,DEFAULT,1742,1639,103
,16/05/2022 11:42,7.62E06,7.13E06,4.88E05,93.6%,15.0,DEFAULT,1622,1518,104
,16/05/2022 11:41,8.38E06,7.81E06,5.73E05,93.2%,15.3,DEFAULT,1785,1663,122
,16/05/2022 11:39,8.03E06,7.51E06,5.12E05,93.6%,15.7,DEFAULT,1709,1600,109
,16/05/2022 11:11,5.72E06,5.65E06,6.57E04,98.9%,12.6,DEFAULT,1218,1204,14
,16/05/2022 10:20,9.05E06,6.98E06,2.07E06,77.1%,14.6,DEFAULT,1928,1487,441
,16/05/2022 10:19,7.90E06,6.60E06,1.30E06,83.5%,15.0,DEFAULT,1683,1406,277
,16/05/2022 10:18,7.48E06,6.07E06,1.41E06,81.1%,16.4,DEFAULT,1593,1292,301
,16/05/2022 10:17,8.53E06,6.22E06,2.32E06,72.9%,14.8,DEFAULT,1817,1324,493
,16/05/2022 09:41,5.40E06,4.60E05,4.94E06,8.5%,12.9,DEFAULT,1149,98,1051
,16/05/2022 09:12,3.98E06,3.94E06,3.76E04,99.1%,12.2,DEFAULT,847,839,8
,16/05/2022 09:11,1.69E06,1.65E06,4.70E04,97.2%,12.9,DEFAULT,361,351,10
,16/05/2022 09:11,3.12E06,3.10E06,1.88E04,99.4%,12.5,DEFAULT,665,661,4
,16/05/2022 08:52,7.72E06,6.87E06,8.50E05,89.0%,16.5,DEFAULT,1644,1463,181
,16/05/2022 08:51,9.29E06,8.27E06,1.03E06,88.9%,15.1,DEFAULT,1979,1760,219
,13/05/2022 13:01,6.71E06,3.24E05,6.39E06,4.8%,12.0,DEFAULT,1429,69,1360
,13/05/2022 13:00,4.16E06,1.69E05,3.99E06,4.1%,12.0,DEFAULT,885,36,849
,13/05/2022 12:50,1.00E07,8.06E06,1.98E06,80.3%,13.5,DEFAULT,2139,1717,422
,13/05/2022 12:49,9.88E06,8.40E06,1.48E06,85.0%,13.2,DEFAULT,2104,1789,315
,13/05/2022 12:49,8.79E06,7.26E06,1.53E06,82.6%,13.5,DEFAULT,1871,1546,325
,13/05/2022 12:49,9.52E06,7.93E06,1.59E06,83.3%,13.0,DEFAULT,2027,1689,338
,13/05/2022 12:48,6.78E06,6.70E06,7.98E04,98.8%,12.3,DEFAULT,1443,1426,17
,13/05/2022 12:47,6.30E06,6.21E06,9.39E04,98.5%,12.4,DEFAULT,1342,1322,20
,13/05/2022 12:01,1.52E07,1.50E07,1.88E05,98.8%,12.0,DEFAULT,3239,3199,40
,13/05/2022 12:00,2.91E06,2.83E06,7.98E04,97.3%,12.9,DEFAULT,619,602,17
,13/05/2022 11:58,8.87E06,8.79E06,7.98E04,99.1%,12.8,DEFAULT,1889,1872,17
,13/05/2022 11:58,1.00E07,9.91E06,1.22E05,98.8%,12.5,DEFAULT,2136,2110,26
,13/05/2022 11:56,1.39E07,1.38E07,1.17E05,99.2%,12.1,DEFAULT,2966,2941,25
,13/05/2022 11:54,9.07E06,8.97E06,1.03E05,98.9%,12.3,DEFAULT,1931,1909,22
,13/05/2022 11:52,7.99E06,7.87E06,1.22E05,98.5%,12.7,DEFAULT,1702,1676,26
,13/05/2022 11:44,9.15E06,9.01E06,1.41E05,98.5%,12.3,DEFAULT,1948,1918,30
,13/05/2022 11:43,8.48E06,8.32E06,1.60E05,98.1%,12.7,DEFAULT,1805,1771,34
,13/05/2022 11:41,7.73E06,7.56E06,1.69E05,97.8%,12.5,DEFAULT,1646,1610,36
,13/05/2022 11:40,8.34E06,8.21E06,1.31E05,98.4%,12.4,DEFAULT,1776,1748,28
,13/05/2022 11:38,7.67E06,7.55E06,1.22E05,98.4%,11.9,DEFAULT,1633,1607,26
,13/05/2022 09:42,1.07E07,9.41E06,1.34E06,87.5%,13.7,DEFAULT,2289,2003,286
,13/05/2022 09:42,8.78E06,7.67E06,1.11E06,87.3%,14.4,DEFAULT,1870,1633,237
,13/05/2022 09:40,1.08E07,9.48E06,1.31E06,87.9%,12.9,DEFAULT,2298,2019,279
,13/05/2022 09:40,1.07E07,9.81E06,9.25E05,91.4%,14.0,DEFAULT,2285,2088,197
,12/05/2022 15:03,3.36E06,3.29E06,7.51E04,97.8%,12.3,DEFAULT,716,700,16
,12/05/2022 13:29,6.26E06,6.17E06,9.39E04,98.5%,12.8,DEFAULT,1334,1314,20
,12/05/2022 12:33,2.25E06,2.21E06,3.76E04,98.3%,12.9,DEFAULT,479,471,8
,12/05/2022 12:32,2.84E06,2.81E06,2.82E04,99.0%,13.0,DEFAULT,605,599,6
,12/05/2022 12:07,4.84E06,4.76E06,7.98E04,98.3%,13.0,DEFAULT,1030,1013,17
,12/05/2022 11:52,1.23E07,1.20E07,2.11E05,98.3%,12.4,DEFAULT,2609,2564,45
,12/05/2022 11:49,1.05E07,1.04E07,1.31E05,98.7%,12.3,DEFAULT,2234,2206,28
,12/05/2022 11:43,1.09E07,1.08E07,1.60E05,98.5%,12.9,DEFAULT,2327,2293,34
,12/05/2022 11:37,5.61E06,5.55E06,6.11E04,98.9%,12.8,DEFAULT,1194,1181,13
,12/05/2022 11:34,1.11E07,1.09E07,1.64E05,98.5%,13.0,DEFAULT,2360,2325,35
,12/05/2022 11:03,2.83E06,2.76E06,7.04E04,97.5%,13.0,DEFAULT,603,588,15
,12/05/2022 10:56,2.91E06,2.81E06,9.86E04,96.6%,12.2,DEFAULT,619,598,21
,12/05/2022 10:55,4.60E06,4.47E06,1.22E05,97.3%,15.3,DEFAULT,979,953,26
,12/05/2022 10:53,4.81E06,4.10E06,7.09E05,85.3%,11.5,DEFAULT,1024,873,151
,12/05/2022 10:50,3.76E06,3.70E06,6.11E04,98.4%,12.6,DEFAULT,801,788,13
,11/05/2022 11:08,9.16E06,9.06E06,9.86E04,98.9%,12.5,DEFAULT,1950,1929,21
,11/05/2022 11:08,8.16E06,8.05E06,1.13E05,98.6%,12.8,DEFAULT,1738,1714,24
,11/05/2022 11:07,6.19E06,3.66E06,2.53E06,59.2%,13.6,DEFAULT,1318,780,538
,11/05/2022 11:06,8.36E06,8.17E06,1.97E05,97.6%,12.3,DEFAULT,1781,1739,42
,11/05/2022 11:05,8.34E06,8.14E06,1.92E05,97.7%,12.4,DEFAULT,1775,1734,41
,11/05/2022 09:43,8.00E06,7.88E06,1.27E05,98.4%,12.0,DEFAULT,1704,1677,27
,11/05/2022 09:43,7.43E06,7.33E06,1.03E05,98.6%,11.6,DEFAULT,1582,1560,22
,11/05/2022 09:42,7.82E06,7.68E06,1.36E05,98.3%,12.0,DEFAULT,1665,1636,29
,11/05/2022 09:42,6.16E06,6.05E06,1.03E05,98.3%,11.7,DEFAULT,1311,1289,22
,10/05/2022 12:58,7.76E06,7.66E06,1.03E05,98.7%,12.9,DEFAULT,1653,1631,22
,10/05/2022 12:44,8.23E06,8.08E06,1.50E05,98.2%,12.7,DEFAULT,1753,1721,32
,10/05/2022 12:33,7.30E06,7.20E06,1.03E05,98.6%,12.3,DEFAULT,1555,1533,22
,10/05/2022 12:33,7.49E06,7.39E06,9.86E04,98.7%,12.5,DEFAULT,1594,1573,21
,10/05/2022 12:32,7.73E06,7.65E06,7.51E04,99.0%,12.4,DEFAULT,1645,1629,16
,10/05/2022 11:51,7.34E06,7.23E06,1.08E05,98.5%,13.1,DEFAULT,1562,1539,23
,10/05/2022 11:50,7.19E06,7.09E06,1.03E05,98.6%,12.2,DEFAULT,1531,1509,22
,10/05/2022 10:43,4.37E06,4.25E06,1.22E05,97.2%,12.4,DEFAULT,931,905,26
,10/05/2022 10:41,4.06E06,3.99E06,6.57E04,98.4%,13.3,DEFAULT,864,850,14
,09/05/2022 16:11,6.59E06,6.50E06,8.92E04,98.6%,13.0,DEFAULT,1403,1384,19
,09/05/2022 16:10,6.25E06,6.17E06,7.98E04,98.7%,12.5,DEFAULT,1330,1313,17
,09/05/2022 11:17,7.34E06,7.12E06,2.25E05,96.9%,12.0,DEFAULT,1563,1515,48
,09/05/2022 11:16,7.53E06,7.34E06,1.83E05,97.6%,12.2,DEFAULT,1603,1564,39
,09/05/2022 11:15,4.03E06,3.69E06,3.43E05,91.5%,15.5,DEFAULT,859,786,73
,09/05/2022 11:15,1.06E07,1.01E07,5.68E05,94.7%,12.0,DEFAULT,2267,2146,121
,09/05/2022 11:14,4.89E06,4.59E06,3.01E05,93.9%,11.9,DEFAULT,1042,978,64
,09/05/2022 11:01,4.97E06,4.32E06,6.48E05,87.0%,13.2,DEFAULT,1059,921,138
,09/05/2022 10:57,6.06E06,5.51E06,5.49E05,90.9%,12.0,DEFAULT,1291,1174,117
,09/05/2022 10:54,2.92E06,2.56E06,3.57E05,87.8%,12.2,DEFAULT,622,546,76
,09/05/2022 10:53,3.35E06,3.10E06,2.49E05,92.6%,14.7,DEFAULT,714,661,53
,09/05/2022 10:51,5.00E06,4.72E06,2.77E05,94.5%,11.8,DEFAULT,1065,1006,59
,09/05/2022 10:36,6.11E06,5.81E06,2.91E05,95.2%,12.5,DEFAULT,1300,1238,62
,09/05/2022 10:34,6.61E06,6.28E06,3.24E05,95.1%,11.8,DEFAULT,1407,1338,69
,06/05/2022 12:51,2.82E04,9.39E03,1.88E04,33.3%,18.3,DEFAULT,6,2,4
,06/05/2022 12:49,3.38E05,2.72E05,6.57E04,80.6%,13.7,DEFAULT,72,58,14
,06/05/2022 12:46,2.72E05,1.92E05,7.98E04,70.7%,14.1,DEFAULT,58,41,17
,06/05/2022 12:42,4.35E06,4.13E06,2.16E05,95.0%,16.6,DEFAULT,926,880,46
,06/05/2022 11:29,5.64E06,5.51E06,1.27E05,97.8%,12.8,DEFAULT,1201,1174,27
,06/05/2022 11:28,3.42E06,3.35E06,7.51E04,97.8%,12.6,DEFAULT,729,713,16
,06/05/2022 11:16,3.52E05,3.19E05,3.29E04,90.7%,12.7,DEFAULT,75,68,7
,06/05/2022 10:44,7.35E06,7.27E06,8.92E04,98.8%,12.1,DEFAULT,1566,1547,19
,06/05/2022 10:40,4.04E05,3.90E05,1.41E04,96.5%,11.7,DEFAULT,86,83,3
,06/05/2022 10:29,7.89E06,7.73E06,1.55E05,98.0%,11.7,DEFAULT,1680,1647,33
,06/05/2022 10:28,7.88E06,7.73E06,1.46E05,98.2%,11.7,DEFAULT,1678,1647,31
,05/05/2022 12:19,2.42E06,2.35E06,7.04E04,97.1%,14.0,DEFAULT,516,501,15
,05/05/2022 12:14,4.63E06,4.38E06,2.49E05,94.6%,11.9,DEFAULT,985,932,53
,05/05/2022 11:06,1.94E06,1.90E06,3.76E04,98.1%,12.5,DEFAULT,413,405,8
,05/05/2022 11:06,1.69E06,1.65E06,3.76E04,97.8%,12.7,DEFAULT,360,352,8
,05/05/2022 11:03,2.96E06,2.87E06,9.39E04,96.8%,12.7,DEFAULT,630,610,20
,05/05/2022 11:02,2.76E06,2.70E06,6.57E04,97.6%,12.7,DEFAULT,588,574,14
,04/05/2022 09:57,3.16E06,1.20E06,1.96E06,38.0%,13.6,DEFAULT,673,256,417
,04/05/2022 09:56,5.19E06,1.36E06,3.84E06,26.1%,12.1,DEFAULT,1106,289,817
,04/05/2022 09:55,5.92E06,2.89E06,3.03E06,48.9%,12.8,DEFAULT,1261,616,645
,02/05/2022 15:15,0.00E00,0.00E00,0.00E00,0.0%,0.0,DEFAULT,0,0,0
,02/05/2022 13:23,1.02E07,4.96E06,5.22E06,48.7%,14.7,DEFAULT,2168,1056,1112
,02/05/2022 13:22,4.90E06,4.81E06,9.39E04,98.1%,13.0,DEFAULT,1044,1024,20
,02/05/2022 11:25,7.83E06,4.93E06,2.90E06,62.9%,13.8,DEFAULT,1668,1050,618
,02/05/2022 11:24,1.87E07,1.32E07,5.51E06,70.5%,10.3,DEFAULT,3979,2805,1174
,02/05/2022 11:24,6.37E06,5.18E06,1.19E06,81.3%,11.3,DEFAULT,1356,1103,253
,02/05/2022 11:23,7.06E06,6.78E06,2.77E05,96.1%,15.1,DEFAULT,1503,1444,59
,02/05/2022 11:22,2.85E06,2.19E06,6.62E05,76.8%,13.8,DEFAULT,607,466,141
,02/05/2022 11:22,9.58E06,5.40E06,4.18E06,56.3%,11.0,DEFAULT,2041,1150,891
,02/05/2022 11:21,3.08E06,2.22E06,8.59E05,72.1%,13.9,DEFAULT,655,472,183
,02/05/2022 11:13,1.85E06,9.82E05,8.69E05,53.0%,10.1,DEFAULT,394,209,185
,02/05/2022 11:12,9.49E06,7.79E06,1.70E06,82.1%,12.7,DEFAULT,2021,1660,361
,02/05/2022 11:12,5.43E06,3.06E06,2.37E06,56.3%,13.0,DEFAULT,1156,651,505
,02/05/2022 11:11,6.67E06,4.43E06,2.25E06,66.4%,15.0,DEFAULT,1421,943,478
,02/05/2022 11:11,2.44E06,1.08E06,1.36E06,44.2%,10.7,DEFAULT,520,230,290
,02/05/2022 11:10,4.46E06,3.03E06,1.43E06,68.0%,14.9,DEFAULT,950,646,304
,02/05/2022 11:10,5.10E06,1.85E06,3.25E06,36.3%,13.4,DEFAULT,1086,394,692
,02/05/2022 11:09,5.79E06,2.74E06,3.05E06,47.4%,15.0,DEFAULT,1233,584,649
,02/05/2022 11:09,7.59E06,4.26E06,3.33E06,56.2%,13.1,DEFAULT,1616,908,708
,02/05/2022 11:08,5.53E06,4.92E06,6.11E05,89.0%,12.4,DEFAULT,1177,1047,130
,02/05/2022 11:08,3.46E06,2.07E06,1.38E06,59.9%,11.0,DEFAULT,736,441,295
,02/05/2022 11:07,4.95E06,3.76E06,1.20E06,75.8%,11.8,DEFAULT,1055,800,255
,02/05/2022 11:07,9.65E06,3.76E06,5.89E06,39.0%,11.7,DEFAULT,2055,801,1254
,02/05/2022 11:06,8.66E06,5.91E06,2.75E06,68.2%,13.5,DEFAULT,1844,1258,586
,02/05/2022 11:06,5.87E06,4.37E06,1.50E06,74.5%,12.4,DEFAULT,1249,930,319
,02/05/2022 11:05,7.80E06,4.87E06,2.93E06,62.4%,14.3,DEFAULT,1662,1037,625
,02/05/2022 11:05,1.26E07,8.60E06,4.03E06,68.1%,10.3,DEFAULT,2690,1831,859
,02/05/2022 11:04,2.00E07,1.61E07,3.90E06,80.5%,9.1,DEFAULT,4267,3437,830
,02/05/2022 10:18,5.02E06,3.70E06,1.32E06,73.7%,12.6,DEFAULT,1068,787,281
,02/05/2022 10:16,5.96E06,4.19E06,1.77E06,70.3%,11.9,DEFAULT,1270,893,377
,02/05/2022 10:14,7.70E06,5.98E06,1.72E06,77.7%,14.2,DEFAULT,1640,1274,366
,02/05/2022 09:56,3.24E06,3.16E06,8.45E04,97.4%,16.2,DEFAULT,690,672,18
,02/05/2022 09:53,2.04E06,1.97E06,7.04E04,96.5%,11.7,DEFAULT,434,419,15
,29/04/2022 10:08,4.30E06,4.20E06,9.39E04,97.8%,15.1,DEFAULT,915,895,20
,29/04/2022 10:06,3.97E06,3.81E06,1.55E05,96.1%,16.1,DEFAULT,845,812,33
,29/04/2022 09:57,3.72E06,3.52E06,2.07E05,94.5%,16.3,DEFAULT,793,749,44
,29/04/2022 09:43,3.61E06,3.50E06,1.08E05,97.0%,14.9,DEFAULT,768,745,23
,29/04/2022 09:32,6.89E06,6.81E06,8.45E04,98.8%,11.8,DEFAULT,1467,1449,18
,28/04/2022 14:40,3.30E06,3.16E06,1.46E05,95.6%,12.3,DEFAULT,703,672,31
,28/04/2022 13:48,9.31E06,8.41E06,8.97E05,90.4%,12.5,DEFAULT,1983,1792,191
,28/04/2022 13:47,9.69E06,8.22E06,1.48E06,84.8%,13.0,DEFAULT,2064,1750,314
,28/04/2022 13:18,4.79E06,4.64E06,1.46E05,97.0%,17.0,DEFAULT,1020,989,31
,28/04/2022 13:06,1.31E06,1.25E06,6.57E04,95.0%,17.4,DEFAULT,280,266,14
,28/04/2022 12:58,2.95E06,2.87E06,7.98E04,97.3%,11.8,DEFAULT,628,611,17
,27/04/2022 14:51,3.74E06,3.67E06,7.51E04,98.0%,17.7,DEFAULT,797,781,16
,27/04/2022 14:49,2.45E06,2.39E06,6.11E04,97.5%,17.5,DEFAULT,522,509,13
,27/04/2022 09:37,1.20E07,6.96E06,5.04E06,58.0%,11.3,DEFAULT,2555,1482,1073
,27/04/2022 09:36,1.10E07,4.81E06,6.14E06,43.9%,10.4,DEFAULT,2333,1025,1308
,27/04/2022 09:35,1.08E07,6.86E06,3.92E06,63.6%,12.0,DEFAULT,2296,1461,835
,27/04/2022 09:34,1.34E07,6.81E06,6.62E06,50.7%,10.1,DEFAULT,2860,1451,1409
,27/04/2022 09:34,1.01E07,6.84E06,3.24E06,67.9%,11.7,DEFAULT,2145,1456,689
,27/04/2022 09:33,1.07E07,6.77E06,3.95E06,63.2%,11.2,DEFAULT,2283,1442,841
,27/04/2022 09:32,1.19E07,7.14E06,4.77E06,60.0%,10.2,DEFAULT,2535,1520,1015
,27/04/2022 09:31,1.12E07,7.32E06,3.83E06,65.6%,11.7,DEFAULT,2375,1559,816
,27/04/2022 09:30,8.88E06,7.03E06,1.85E06,79.2%,13.8,DEFAULT,1891,1498,393
,27/04/2022 09:30,8.07E06,5.62E06,2.45E06,69.6%,12.9,DEFAULT,1718,1196,522
,27/04/2022 09:29,1.11E07,9.08E06,2.03E06,81.7%,13.7,DEFAULT,2365,1933,432
,27/04/2022 09:28,8.67E06,6.75E06,1.92E06,77.8%,13.1,DEFAULT,1847,1437,410
,27/04/2022 09:27,8.19E06,6.38E06,1.80E06,78.0%,13.3,DEFAULT,1743,1359,384
,27/04/2022 09:26,9.08E06,6.70E06,2.39E06,73.7%,13.0,DEFAULT,1934,1426,508
,26/04/2022 09:43,6.13E06,6.07E06,6.11E04,99.0%,12.6,DEFAULT,1305,1292,13
,26/04/2022 09:15,4.69E06,4.55E06,1.41E05,97.0%,15.5,DEFAULT,999,969,30
,26/04/2022 09:14,3.96E06,3.81E06,1.46E05,96.3%,16.4,DEFAULT,843,812,31
,26/04/2022 09:13,6.20E05,6.01E05,1.88E04,97.0%,12.8,DEFAULT,132,128,4
,25/04/2022 13:47,2.19E06,2.15E06,4.23E04,98.1%,17.3,DEFAULT,467,458,9
,25/04/2022 13:46,1.39E06,1.35E06,3.76E04,97.3%,17.0,DEFAULT,295,287,8
,25/04/2022 13:45,1.97E06,1.91E06,5.63E04,97.1%,15.5,DEFAULT,419,407,12
,25/04/2022 13:44,1.97E06,1.94E06,2.82E04,98.6%,16.4,DEFAULT,419,413,6
,25/04/2022 13:43,4.40E06,4.31E06,8.92E04,98.0%,12.9,DEFAULT,936,917,19
,25/04/2022 13:42,7.97E06,7.33E06,6.48E05,91.9%,14.0,DEFAULT,1698,1560,138
,25/04/2022 13:41,9.66E06,8.81E06,8.55E05,91.2%,14.2,DEFAULT,2057,1875,182
,25/04/2022 13:40,1.03E07,9.42E06,8.97E05,91.3%,13.3,DEFAULT,2197,2006,191
,25/04/2022 13:38,1.19E07,1.17E07,2.11E05,98.2%,12.1,DEFAULT,2543,2498,45
,25/04/2022 13:36,1.11E07,9.59E06,1.50E06,86.5%,12.7,DEFAULT,2362,2043,319
,25/04/2022 13:36,8.84E06,8.31E06,5.31E05,94.0%,13.9,DEFAULT,1882,1769,113
,25/04/2022 13:35,8.79E06,8.05E06,7.37E05,91.6%,13.5,DEFAULT,1871,1714,157
,25/04/2022 13:33,9.98E06,9.29E06,6.95E05,93.0%,13.8,DEFAULT,2126,1978,148
,25/04/2022 13:30,1.36E07,9.25E06,4.32E06,68.2%,11.8,DEFAULT,2889,1970,919
,25/04/2022 13:29,1.29E07,8.73E06,4.18E06,67.6%,11.9,DEFAULT,2747,1858,889
,25/04/2022 13:28,1.06E07,7.15E06,3.42E06,67.7%,12.1,DEFAULT,2251,1523,728
,25/04/2022 13:26,1.22E07,8.47E06,3.72E06,69.5%,11.9,DEFAULT,2595,1803,792
,25/04/2022 13:25,1.22E07,1.01E07,2.13E06,82.6%,12.6,DEFAULT,2606,2153,453
,25/04/2022 13:22,1.28E07,9.16E06,3.62E06,71.7%,12.0,DEFAULT,2720,1950,770
,25/04/2022 13:20,1.48E07,1.10E07,3.83E06,74.2%,11.1,DEFAULT,3157,2342,815
,25/04/2022 10:29,2.69E06,2.58E06,1.08E05,96.0%,17.4,DEFAULT,572,549,23
,25/04/2022 10:20,6.03E06,5.86E06,1.74E05,97.1%,12.0,DEFAULT,1284,1247,37
,25/04/2022 10:19,7.39E06,7.23E06,1.60E05,97.8%,12.0,DEFAULT,1573,1539,34
,22/04/2022 13:50,3.55E06,3.38E06,1.69E05,95.2%,16.6,DEFAULT,755,719,36
,22/04/2022 13:49,4.72E06,4.62E06,1.08E05,97.7%,12.2,DEFAULT,1006,983,23
,22/04/2022 13:37,1.11E07,1.09E07,2.44E05,97.8%,12.2,DEFAULT,2374,2322,52
,22/04/2022 13:36,1.24E07,1.21E07,2.58E05,97.9%,12.2,DEFAULT,2632,2577,55
,22/04/2022 13:35,8.70E06,8.49E06,2.07E05,97.6%,12.7,DEFAULT,1853,1809,44
,22/04/2022 13:34,1.19E07,1.15E07,3.47E05,97.1%,11.9,DEFAULT,2534,2460,74
,22/04/2022 13:34,1.21E07,1.18E07,2.39E05,98.0%,12.5,DEFAULT,2571,2520,51
,22/04/2022 13:33,1.31E07,1.29E07,1.92E05,98.5%,12.2,DEFAULT,2798,2757,41
,22/04/2022 13:32,1.22E07,1.19E07,3.19E05,97.4%,11.9,DEFAULT,2607,2539,68
,21/04/2022 16:05,7.74E06,7.60E06,1.46E05,98.1%,11.9,DEFAULT,1649,1618,31
,21/04/2022 16:01,1.78E06,1.75E06,2.35E04,98.7%,11.8,DEFAULT,378,373,5
,20/04/2022 11:55,5.50E06,5.44E06,6.11E04,98.9%,12.1,DEFAULT,1171,1158,13
,20/04/2022 10:24,1.29E07,7.06E06,5.86E06,54.7%,12.2,DEFAULT,2752,1504,1248
,20/04/2022 10:23,4.93E05,3.01E05,1.92E05,61.0%,19.3,DEFAULT,105,64,41
,20/04/2022 10:22,8.03E06,3.76E06,4.26E06,46.9%,13.2,DEFAULT,1709,801,908
,20/04/2022 10:22,8.87E06,4.91E06,3.95E06,55.4%,14.6,DEFAULT,1888,1046,842
,20/04/2022 10:21,7.26E06,5.99E06,1.28E06,82.4%,16.0,DEFAULT,1547,1275,272
,20/04/2022 10:21,7.89E06,3.41E06,4.48E06,43.2%,13.9,DEFAULT,1681,726,955
,20/04/2022 10:21,6.73E06,6.11E06,6.29E05,90.7%,16.7,DEFAULT,1434,1300,134
,20/04/2022 10:20,5.60E06,5.06E06,5.45E05,90.3%,16.5,DEFAULT,1193,1077,116
,20/04/2022 10:20,8.66E06,4.53E06,4.13E06,52.3%,12.8,DEFAULT,1845,965,880
,20/04/2022 10:19,7.78E06,4.21E06,3.57E06,54.1%,14.7,DEFAULT,1657,897,760
,20/04/2022 10:19,8.13E06,3.80E06,4.33E06,46.7%,13.7,DEFAULT,1731,809,922
,20/04/2022 10:18,8.89E06,8.28E06,6.15E05,93.1%,16.1,DEFAULT,1894,1763,131
,20/04/2022 10:18,5.49E06,4.72E06,7.75E05,85.9%,16.6,DEFAULT,1169,1004,165
,20/04/2022 10:08,7.73E06,6.84E06,8.97E05,88.4%,15.6,DEFAULT,1647,1456,191
,20/04/2022 10:08,7.73E06,6.25E06,1.48E06,80.8%,16.7,DEFAULT,1647,1331,316
,20/04/2022 10:07,6.82E06,5.78E06,1.04E06,84.8%,16.7,DEFAULT,1452,1231,221
,20/04/2022 10:07,6.32E06,2.12E06,4.20E06,33.5%,14.2,DEFAULT,1345,451,894
,20/04/2022 10:06,8.61E06,4.95E06,3.67E06,57.4%,14.6,DEFAULT,1834,1053,781
,20/04/2022 10:06,7.36E06,4.81E06,2.55E06,65.4%,15.1,DEFAULT,1567,1025,542
,20/04/2022 10:05,8.35E06,6.95E06,1.40E06,83.2%,16.3,DEFAULT,1778,1480,298
,20/04/2022 10:05,6.16E06,5.41E06,7.47E05,87.9%,17.1,DEFAULT,1311,1152,159
,20/04/2022 10:04,7.02E06,4.82E06,2.19E06,68.7%,14.9,DEFAULT,1494,1027,467
,20/04/2022 10:04,6.00E06,4.65E06,1.35E06,77.5%,16.2,DEFAULT,1278,991,287
,20/04/2022 10:03,6.58E06,2.64E06,3.94E06,40.2%,13.4,DEFAULT,1402,563,839
,20/04/2022 10:02,6.46E06,3.61E06,2.85E06,55.9%,15.2,DEFAULT,1375,769,606
,19/04/2022 12:20,4.59E06,4.48E06,1.03E05,97.7%,16.7,DEFAULT,977,955,22
,19/04/2022 12:19,3.81E06,3.73E06,7.98E04,97.9%,12.8,DEFAULT,811,794,17
,19/04/2022 08:33,6.23E06,5.91E06,3.19E05,94.9%,17.3,DEFAULT,1326,1258,68
,19/04/2022 08:14,7.60E06,3.00E06,4.61E06,39.4%,13.6,DEFAULT,1619,638,981
,19/04/2022 08:14,5.20E06,1.38E06,3.83E06,26.4%,12.5,DEFAULT,1108,293,815
,19/04/2022 08:13,7.86E06,6.56E06,1.30E06,83.5%,15.8,DEFAULT,1673,1397,276
,19/04/2022 08:12,7.94E06,6.90E06,1.03E06,87.0%,15.7,DEFAULT,1690,1470,220
,19/04/2022 08:12,6.15E06,4.52E06,1.63E06,73.5%,14.6,DEFAULT,1310,963,347
,19/04/2022 08:11,4.75E06,1.60E06,3.15E06,33.7%,12.0,DEFAULT,1011,341,670
,19/04/2022 08:10,4.42E06,1.82E06,2.61E06,41.1%,13.0,DEFAULT,942,387,555
,19/04/2022 08:10,5.14E06,1.40E06,3.74E06,27.3%,10.7,DEFAULT,1095,299,796
,19/04/2022 08:09,1.20E07,7.20E06,4.83E06,59.9%,12.6,DEFAULT,2562,1534,1028
,19/04/2022 08:09,6.16E06,3.04E06,3.11E06,49.4%,13.2,DEFAULT,1311,648,663
,19/04/2022 08:08,7.38E06,3.92E06,3.46E06,53.1%,13.2,DEFAULT,1571,834,737
,15/04/2022 12:42,5.35E05,4.88E05,4.70E04,91.2%,16.7,DEFAULT,114,104,10
,15/04/2022 12:09,4.08E06,3.95E06,1.22E05,97.0%,15.4,DEFAULT,868,842,26
,15/04/2022 12:08,2.53E06,2.48E06,4.70E04,98.1%,12.1,DEFAULT,538,528,10
,14/04/2022 10:33,2.49E05,2.07E05,4.23E04,83.0%,15.8,DEFAULT,53,44,9
,14/04/2022 10:04,4.59E06,3.23E06,1.36E06,70.4%,12.6,DEFAULT,977,688,289
,14/04/2022 10:04,1.33E07,1.27E07,5.54E05,95.8%,12.3,DEFAULT,2827,2709,118
,14/04/2022 10:03,1.02E06,1.02E06,4.70E03,99.5%,12.7,DEFAULT,218,217,1
,14/04/2022 10:03,2.31E06,2.19E06,1.27E05,94.5%,16.1,DEFAULT,493,466,27
,13/04/2022 10:43,3.08E06,3.02E06,5.17E04,98.3%,17.5,DEFAULT,655,644,11
,13/04/2022 09:53,7.55E06,7.47E06,7.98E04,98.9%,11.6,DEFAULT,1608,1591,17
,11/04/2022 12:42,1.25E07,1.23E07,2.11E05,98.3%,11.7,DEFAULT,2656,2611,45
,11/04/2022 12:42,1.21E07,1.19E07,1.50E05,98.8%,11.0,DEFAULT,2569,2537,32
,11/04/2022 12:41,1.16E07,1.14E07,1.41E05,98.8%,12.0,DEFAULT,2461,2431,30
,11/04/2022 12:41,5.18E06,4.98E06,1.97E05,96.2%,16.2,DEFAULT,1102,1060,42
,11/04/2022 11:51,1.29E07,1.26E07,3.47E05,97.3%,13.9,DEFAULT,2756,2682,74
,11/04/2022 11:49,4.43E07,3.51E07,9.17E06,79.3%,7.5,DEFAULT,9430,7478,1952
,11/04/2022 11:48,2.33E07,2.28E07,5.49E05,97.6%,10.8,DEFAULT,4966,4849,117
,11/04/2022 11:48,1.34E07,1.26E07,7.70E05,94.3%,14.9,DEFAULT,2855,2691,164
,11/04/2022 11:47,8.40E06,5.86E06,2.54E06,69.8%,13.1,DEFAULT,1788,1248,540
,11/04/2022 11:46,3.57E07,3.47E07,1.05E06,97.1%,8.3,DEFAULT,7605,7381,224
,11/04/2022 11:42,5.57E06,4.83E06,7.47E05,86.6%,12.8,DEFAULT,1187,1028,159
,11/04/2022 11:42,7.46E06,6.29E06,1.17E06,84.3%,13.0,DEFAULT,1589,1340,249
,11/04/2022 11:41,6.89E06,5.45E06,1.44E06,79.1%,11.9,DEFAULT,1468,1161,307
,11/04/2022 11:40,1.05E07,7.69E06,2.84E06,73.0%,11.5,DEFAULT,2241,1637,604
,11/04/2022 11:40,5.59E06,4.95E06,6.39E05,88.6%,14.5,DEFAULT,1190,1054,136
,11/04/2022 11:39,5.44E06,4.20E06,1.24E06,77.2%,13.6,DEFAULT,1158,894,264
,11/04/2022 11:38,6.87E06,5.62E06,1.25E06,81.9%,12.7,DEFAULT,1462,1197,265
,11/04/2022 11:27,3.52E06,2.64E06,8.78E05,75.0%,12.7,DEFAULT,749,562,187
,11/04/2022 11:26,4.04E06,2.02E06,2.02E06,49.9%,12.6,DEFAULT,861,430,431
,11/04/2022 11:26,1.31E07,7.65E06,5.43E06,58.5%,12.3,DEFAULT,2785,1629,1156
,11/04/2022 11:25,2.49E06,1.31E06,1.18E06,52.6%,10.6,DEFAULT,530,279,251
,11/04/2022 11:24,5.74E06,4.95E06,7.84E05,86.3%,13.3,DEFAULT,1222,1055,167
,11/04/2022 11:24,6.74E06,4.76E06,1.98E06,70.6%,11.6,DEFAULT,1436,1014,422
,11/04/2022 11:23,5.93E06,4.20E06,1.72E06,70.9%,13.5,DEFAULT,1262,895,367
,11/04/2022 11:23,1.53E07,1.15E07,3.82E06,75.0%,10.6,DEFAULT,3259,2445,814
,11/04/2022 11:22,7.17E06,2.48E06,4.69E06,34.6%,11.9,DEFAULT,1527,529,998
,11/04/2022 11:21,3.09E06,1.48E06,1.61E06,48.0%,11.3,DEFAULT,658,316,342
,11/04/2022 11:21,2.76E06,1.48E06,1.28E06,53.7%,11.7,DEFAULT,588,316,272
,11/04/2022 11:20,5.77E06,4.08E06,1.69E06,70.7%,13.0,DEFAULT,1228,868,360
,11/04/2022 11:19,9.44E06,7.53E06,1.91E06,79.8%,13.4,DEFAULT,2010,1603,407
,11/04/2022 11:18,5.71E06,3.14E06,2.56E06,55.1%,11.4,DEFAULT,1215,669,546
,11/04/2022 11:17,2.63E06,1.48E06,1.15E06,56.2%,12.0,DEFAULT,560,315,245
,11/04/2022 11:16,6.75E06,2.76E06,4.00E06,40.8%,13.1,DEFAULT,1438,587,851
,11/04/2022 11:15,7.15E06,4.39E06,2.76E06,61.4%,11.9,DEFAULT,1522,935,587
,11/04/2022 11:13,8.40E06,2.96E06,5.43E06,35.3%,12.7,DEFAULT,1788,631,1157
,11/04/2022 11:12,3.96E06,2.57E06,1.39E06,64.8%,12.4,DEFAULT,844,547,297
,11/04/2022 11:11,8.21E06,2.65E06,5.57E06,32.2%,11.6,DEFAULT,1749,564,1185
,11/04/2022 11:09,1.50E07,1.34E07,1.62E06,89.2%,10.7,DEFAULT,3195,2851,344
,11/04/2022 11:09,1.47E07,1.33E07,1.38E06,90.6%,11.0,DEFAULT,3133,2839,294
,11/04/2022 11:08,4.13E06,1.88E06,2.25E06,45.5%,11.7,DEFAULT,880,400,480
,11/04/2022 11:07,4.37E06,1.96E06,2.41E06,44.9%,12.2,DEFAULT,931,418,513
,11/04/2022 11:05,8.70E06,3.29E06,5.41E06,37.8%,13.1,DEFAULT,1853,700,1153
,11/04/2022 10:49,5.42E06,1.76E06,3.67E06,32.4%,11.3,DEFAULT,1155,374,781
,11/04/2022 10:49,3.86E06,1.52E06,2.33E06,39.5%,11.8,DEFAULT,821,324,497
,11/04/2022 10:47,5.90E06,2.52E06,3.38E06,42.8%,13.3,DEFAULT,1256,537,719
,11/04/2022 10:47,1.13E07,7.72E06,3.61E06,68.2%,13.7,DEFAULT,2413,1645,768
,08/04/2022 16:46,7.19E06,5.57E06,1.62E06,77.5%,13.6,DEFAULT,1531,1187,344
,08/04/2022 16:44,6.17E06,4.54E06,1.63E06,73.6%,14.5,DEFAULT,1313,966,347
,08/04/2022 16:41,7.26E06,6.44E06,8.22E05,88.7%,16.6,DEFAULT,1547,1372,175
,08/04/2022 16:38,7.23E06,6.88E06,3.52E05,95.1%,16.4,DEFAULT,1539,1464,75
,07/04/2022 12:01,1.33E07,1.31E07,1.92E05,98.6%,12.2,DEFAULT,2841,2800,41
,07/04/2022 12:01,8.78E06,8.50E06,2.77E05,96.8%,13.3,DEFAULT,1869,1810,59
,07/04/2022 12:00,6.84E06,6.65E06,1.88E05,97.3%,12.7,DEFAULT,1457,1417,40
,07/04/2022 11:59,9.09E06,8.91E06,1.79E05,98.0%,13.8,DEFAULT,1936,1898,38
,07/04/2022 11:59,9.39E06,9.25E06,1.46E05,98.4%,13.9,DEFAULT,2000,1969,31
,07/04/2022 11:58,9.19E06,8.93E06,2.68E05,97.1%,13.6,DEFAULT,1958,1901,57
,07/04/2022 11:57,1.15E07,1.13E07,1.69E05,98.5%,11.2,DEFAULT,2440,2404,36
,07/04/2022 11:56,1.10E07,1.09E07,1.50E05,98.6%,11.3,DEFAULT,2346,2314,32
,07/04/2022 11:56,1.32E07,1.30E07,1.92E05,98.5%,10.9,DEFAULT,2815,2774,41
,07/04/2022 11:55,1.43E07,1.38E07,4.60E05,96.8%,12.5,DEFAULT,3034,2936,98
,07/04/2022 11:54,1.24E07,1.21E07,3.38E05,97.3%,12.9,DEFAULT,2646,2574,72
,07/04/2022 11:53,1.20E07,1.14E07,5.35E05,95.5%,12.4,DEFAULT,2547,2433,114
,07/04/2022 11:52,9.85E06,9.56E06,2.91E05,97.0%,11.6,DEFAULT,2097,2035,62
,07/04/2022 11:51,1.07E07,1.04E07,3.05E05,97.1%,12.9,DEFAULT,2278,2213,65
,07/04/2022 11:50,0.00E00,0.00E00,0.00E00,0.0%,0.0,DEFAULT,0,0,0
,07/04/2022 11:49,8.37E06,8.18E06,1.92E05,97.7%,12.3,DEFAULT,1782,1741,41
,07/04/2022 11:48,1.16E07,1.13E07,2.91E05,97.5%,12.9,DEFAULT,2471,2409,62
,07/04/2022 11:47,1.22E07,1.19E07,2.96E05,97.6%,12.8,DEFAULT,2608,2545,63
,07/04/2022 11:46,1.16E07,1.13E07,2.39E05,97.9%,12.9,DEFAULT,2463,2412,51
,07/04/2022 11:46,1.10E07,1.08E07,2.44E05,97.8%,12.7,DEFAULT,2352,2300,52
,07/04/2022 11:45,1.09E07,1.06E07,3.19E05,97.1%,12.6,DEFAULT,2315,2247,68
,07/04/2022 11:44,9.25E06,8.86E06,3.90E05,95.8%,12.7,DEFAULT,1969,1886,83
,07/04/2022 11:43,1.18E07,1.15E07,3.10E05,97.4%,12.2,DEFAULT,2522,2456,66
,07/04/2022 11:42,1.20E07,1.17E07,3.57E05,97.0%,12.4,DEFAULT,2565,2489,76
,07/04/2022 11:41,1.19E07,1.14E07,4.84E05,95.9%,12.6,DEFAULT,2540,2437,103
,07/04/2022 11:40,1.11E07,1.08E07,2.82E05,97.5%,12.5,DEFAULT,2366,2306,60
,07/04/2022 11:40,1.17E07,1.14E07,3.62E05,96.9%,12.6,DEFAULT,2501,2424,77
,07/04/2022 11:39,1.13E07,1.10E07,3.15E05,97.2%,12.6,DEFAULT,2404,2337,67
,07/04/2022 11:38,9.47E06,9.10E06,3.66E05,96.1%,12.7,DEFAULT,2016,1938,78
,07/04/2022 11:37,9.34E06,8.93E06,4.04E05,95.7%,12.8,DEFAULT,1988,1902,86
,07/04/2022 11:36,9.64E06,9.16E06,4.79E05,95.0%,12.8,DEFAULT,2052,1950,102
,07/04/2022 11:35,9.29E06,8.81E06,4.79E05,94.8%,12.9,DEFAULT,1978,1876,102
,07/04/2022 11:34,8.05E06,7.44E06,6.06E05,92.5%,12.8,DEFAULT,1714,1585,129
,07/04/2022 11:33,9.24E06,8.82E06,4.18E05,95.5%,13.1,DEFAULT,1967,1878,89
,07/04/2022 11:33,1.12E07,1.08E07,4.74E05,95.8%,12.6,DEFAULT,2391,2290,101
,07/04/2022 11:31,1.04E07,9.97E06,4.27E05,95.9%,12.8,DEFAULT,2214,2123,91
,07/04/2022 11:30,8.66E06,8.14E06,5.21E05,94.0%,12.3,DEFAULT,1844,1733,111
,07/04/2022 11:28,1.23E07,1.20E07,3.10E05,97.5%,12.6,DEFAULT,2623,2557,66
,07/04/2022 10:34,2.66E06,2.53E06,1.31E05,95.1%,16.8,DEFAULT,566,538,28
,07/04/2022 10:33,3.65E06,3.61E06,4.23E04,98.8%,12.2,DEFAULT,777,768,9
,05/04/2022 12:36,8.05E06,7.39E06,6.57E05,91.8%,14.1,DEFAULT,1714,1574,140
,05/04/2022 12:35,7.91E06,6.33E06,1.58E06,80.0%,13.7,DEFAULT,1684,1347,337
,05/04/2022 12:33,6.19E06,4.44E06,1.75E06,71.8%,13.4,DEFAULT,1318,946,372
,05/04/2022 12:32,6.18E06,5.79E06,3.90E05,93.7%,15.6,DEFAULT,1315,1232,83
,05/04/2022 12:31,6.77E06,6.13E06,6.39E05,90.6%,15.1,DEFAULT,1442,1306,136
,05/04/2022 12:30,5.49E06,4.78E06,7.09E05,87.1%,15.5,DEFAULT,1170,1019,151
,05/04/2022 12:28,6.85E06,6.44E06,4.09E05,94.0%,16.1,DEFAULT,1458,1371,87
,05/04/2022 12:27,4.66E06,4.18E06,4.88E05,89.5%,16.0,DEFAULT,993,889,104
,05/04/2022 11:28,1.23E07,1.22E07,1.08E05,99.1%,11.6,DEFAULT,2618,2595,23
,05/04/2022 11:03,8.41E05,7.98E05,4.23E04,95.0%,17.0,DEFAULT,179,170,9
,05/04/2022 10:23,6.33E06,6.25E06,7.98E04,98.7%,12.3,DEFAULT,1348,1331,17
,05/04/2022 10:17,6.83E06,6.72E06,1.17E05,98.3%,12.6,DEFAULT,1455,1430,25
,05/04/2022 09:52,7.90E06,7.76E06,1.41E05,98.2%,12.2,DEFAULT,1683,1653,30
,04/04/2022 13:25,1.59E07,1.56E07,2.77E05,98.3%,11.2,DEFAULT,3380,3321,59
,04/04/2022 13:24,7.11E06,6.94E06,1.69E05,97.6%,16.1,DEFAULT,1515,1479,36
,04/04/2022 11:58,1.12E07,1.06E07,5.26E05,95.3%,14.3,DEFAULT,2376,2264,112
,04/04/2022 11:57,8.49E06,7.73E06,7.51E05,91.1%,14.4,DEFAULT,1807,1647,160
,04/04/2022 11:56,7.95E06,6.34E06,1.60E06,79.8%,13.7,DEFAULT,1692,1351,341
,04/04/2022 11:55,1.21E07,1.12E07,9.02E05,92.6%,13.7,DEFAULT,2578,2386,192
,04/04/2022 11:55,9.38E06,8.65E06,7.33E05,92.2%,14.5,DEFAULT,1998,1842,156
,04/04/2022 11:54,6.88E06,5.83E06,1.05E06,84.7%,14.5,DEFAULT,1465,1241,224
,04/04/2022 11:53,8.48E06,7.67E06,8.03E05,90.5%,14.3,DEFAULT,1805,1634,171
,04/04/2022 11:52,6.74E06,5.63E06,1.10E06,83.6%,14.0,DEFAULT,1435,1200,235
,04/04/2022 10:43,8.46E06,8.34E06,1.17E05,98.6%,12.3,DEFAULT,1802,1777,25
,04/04/2022 10:41,1.02E07,9.59E06,6.01E05,94.1%,12.1,DEFAULT,2169,2041,128
,04/04/2022 10:02,4.58E06,1.41E06,3.17E06,30.8%,10.9,DEFAULT,976,301,675
,04/04/2022 10:01,2.99E06,2.02E05,2.79E06,6.8%,8.4,DEFAULT,636,43,593
,04/04/2022 10:01,1.46E06,6.57E04,1.39E06,4.5%,7.5,DEFAULT,311,14,297
,04/04/2022 10:00,1.68E06,5.17E04,1.62E06,3.1%,7.0,DEFAULT,357,11,346
,04/04/2022 09:59,8.97E06,6.47E06,2.49E06,72.2%,13.2,DEFAULT,1909,1378,531
,04/04/2022 09:59,9.03E06,6.28E06,2.75E06,69.6%,13.0,DEFAULT,1923,1338,585
,04/04/2022 09:58,8.88E06,6.07E06,2.81E06,68.4%,13.5,DEFAULT,1891,1293,598
,04/04/2022 09:58,1.05E07,9.52E06,1.03E06,90.2%,15.0,DEFAULT,2246,2027,219
,04/04/2022 09:56,8.59E06,7.81E06,7.89E05,90.8%,15.4,DEFAULT,1830,1662,168
,04/04/2022 09:55,9.15E06,8.46E06,6.90E05,92.5%,15.7,DEFAULT,1949,1802,147
,04/04/2022 09:54,1.05E07,8.86E06,1.64E06,84.4%,13.5,DEFAULT,2235,1886,349
,04/04/2022 09:54,1.13E07,1.10E07,2.91E05,97.4%,15.5,DEFAULT,2410,2348,62
,01/04/2022 10:10,2.13E06,4.88E05,1.64E06,22.9%,10.2,DEFAULT,454,104,350
,01/04/2022 10:09,1.21E06,1.22E05,1.09E06,10.1%,8.9,DEFAULT,257,26,231
,01/04/2022 10:08,8.78E06,5.38E06,3.40E06,61.3%,13.5,DEFAULT,1870,1146,724
,01/04/2022 10:08,7.97E06,4.64E06,3.33E06,58.2%,13.2,DEFAULT,1698,988,710
,01/04/2022 10:07,9.30E06,7.62E06,1.68E06,82.0%,15.0,DEFAULT,1980,1623,357
,01/04/2022 10:07,9.24E06,8.48E06,7.61E05,91.8%,15.8,DEFAULT,1968,1806,162
,01/04/2022 10:06,1.05E07,9.85E06,6.67E05,93.7%,13.8,DEFAULT,2239,2097,142
,01/04/2022 10:05,1.07E07,1.00E07,6.43E05,94.0%,13.2,DEFAULT,2276,2139,137
,01/04/2022 10:05,1.05E07,9.64E06,8.55E05,91.9%,13.2,DEFAULT,2234,2052,182
,01/04/2022 10:04,1.09E07,1.06E07,3.10E05,97.2%,13.7,DEFAULT,2322,2256,66
,01/04/2022 10:03,1.20E07,1.04E07,1.59E06,86.8%,13.7,DEFAULT,2559,2220,339
,01/04/2022 10:03,1.20E07,1.03E07,1.62E06,86.4%,13.3,DEFAULT,2544,2199,345
,01/04/2022 10:02,1.23E07,1.06E07,1.71E06,86.1%,13.6,DEFAULT,2629,2264,365
,01/04/2022 10:02,1.62E07,1.55E07,6.95E05,95.7%,12.8,DEFAULT,3442,3294,148
,31/03/2022 13:47,1.11E07,1.09E07,1.83E05,98.4%,12.0,DEFAULT,2368,2329,39
,31/03/2022 13:46,9.79E06,9.66E06,1.27E05,98.7%,12.2,DEFAULT,2084,2057,27
,31/03/2022 13:45,1.15E07,1.13E07,2.02E05,98.2%,12.2,DEFAULT,2441,2398,43
,31/03/2022 13:45,1.11E07,1.09E07,1.60E05,98.6%,12.0,DEFAULT,2361,2327,34
,31/03/2022 13:44,1.04E07,1.02E07,1.97E05,98.1%,12.0,DEFAULT,2221,2179,42
,31/03/2022 13:43,9.27E06,9.15E06,1.17E05,98.7%,12.0,DEFAULT,1974,1949,25
,31/03/2022 13:42,9.04E06,8.88E06,1.60E05,98.2%,12.0,DEFAULT,1924,1890,34
,31/03/2022 13:42,1.03E07,1.02E07,1.31E05,98.7%,11.5,DEFAULT,2199,2171,28
,31/03/2022 10:06,1.30E06,1.23E06,7.04E04,94.6%,16.0,DEFAULT,277,262,15
,31/03/2022 10:05,5.48E06,5.33E06,1.46E05,97.3%,12.3,DEFAULT,1166,1135,31
,30/03/2022 12:59,1.08E07,1.06E07,1.50E05,98.6%,11.9,DEFAULT,2299,2267,32
,30/03/2022 10:09,6.50E06,5.86E06,6.43E05,90.1%,13.3,DEFAULT,1385,1248,137
,30/03/2022 10:08,7.60E06,5.15E06,2.45E06,67.7%,13.2,DEFAULT,1618,1096,522
,30/03/2022 10:08,8.27E06,6.91E06,1.36E06,83.5%,14.2,DEFAULT,1761,1471,290
,30/03/2022 10:07,7.16E06,5.07E06,2.09E06,70.9%,14.1,DEFAULT,1524,1080,444
,30/03/2022 10:06,7.16E06,4.81E06,2.35E06,67.2%,13.8,DEFAULT,1524,1024,500
,30/03/2022 10:05,6.51E06,4.55E06,1.96E06,69.8%,14.1,DEFAULT,1386,968,418
,30/03/2022 10:05,5.70E06,4.06E06,1.64E06,71.2%,14.1,DEFAULT,1213,864,349
,30/03/2022 10:04,7.59E06,6.69E06,8.97E05,88.2%,15.4,DEFAULT,1616,1425,191
,30/03/2022 10:03,7.87E06,5.03E06,2.83E06,64.0%,13.4,DEFAULT,1675,1072,603
,30/03/2022 10:02,7.33E06,6.84E06,4.93E05,93.3%,16.0,DEFAULT,1561,1456,105
,30/03/2022 10:01,5.28E06,5.02E06,2.63E05,95.0%,16.7,DEFAULT,1125,1069,56
,30/03/2022 09:59,9.10E06,8.64E06,4.60E05,94.9%,16.1,DEFAULT,1938,1840,98
,30/03/2022 09:59,7.93E06,7.59E06,3.43E05,95.7%,15.6,DEFAULT,1689,1616,73
,29/03/2022 12:37,5.66E06,5.25E06,4.13E05,92.7%,15.1,DEFAULT,1205,1117,88
,29/03/2022 12:36,6.81E06,5.27E06,1.54E06,77.4%,14.5,DEFAULT,1450,1122,328
,29/03/2022 12:35,7.16E06,6.37E06,7.94E05,88.9%,15.2,DEFAULT,1525,1356,169
,29/03/2022 12:33,7.60E06,5.62E06,1.98E06,74.0%,13.9,DEFAULT,1618,1197,421
,29/03/2022 12:31,7.35E06,5.90E06,1.45E06,80.3%,14.6,DEFAULT,1565,1256,309
,29/03/2022 12:30,5.74E06,4.29E06,1.45E06,74.8%,14.1,DEFAULT,1222,914,308
,29/03/2022 12:30,6.50E06,5.41E06,1.09E06,83.3%,14.0,DEFAULT,1384,1153,231
,29/03/2022 12:29,9.57E06,8.86E06,7.04E05,92.6%,14.2,DEFAULT,2037,1887,150
,29/03/2022 12:28,8.94E06,7.24E06,1.70E06,81.0%,14.0,DEFAULT,1903,1542,361
,29/03/2022 12:27,8.00E06,7.30E06,7.00E05,91.3%,15.2,DEFAULT,1703,1554,149
,29/03/2022 12:26,8.80E06,8.20E06,5.96E05,93.2%,15.3,DEFAULT,1874,1747,127
,29/03/2022 12:25,1.03E07,9.77E06,5.63E05,94.5%,14.3,DEFAULT,2200,2080,120
,29/03/2022 12:24,7.28E06,6.83E06,4.51E05,93.8%,15.2,DEFAULT,1550,1454,96
,29/03/2022 12:23,4.67E06,4.62E06,5.17E04,98.9%,12.6,DEFAULT,994,983,11
,29/03/2022 11:22,3.20E06,3.08E06,1.22E05,96.2%,17.3,DEFAULT,682,656,26
,29/03/2022 11:21,7.19E06,7.05E06,1.36E05,98.1%,12.3,DEFAULT,1530,1501,29
,28/03/2022 15:10,4.69E06,4.52E06,1.69E05,96.4%,16.5,DEFAULT,999,963,36
,28/03/2022 14:15,5.07E06,4.91E06,1.55E05,96.9%,16.3,DEFAULT,1079,1046,33
,28/03/2022 14:14,4.68E06,4.59E06,8.45E04,98.2%,12.9,DEFAULT,996,978,18
,28/03/2022 14:13,6.38E06,6.26E06,1.17E05,98.2%,12.3,DEFAULT,1358,1333,25
,24/03/2022 14:55,9.49E06,9.31E06,1.79E05,98.1%,11.9,DEFAULT,2020,1982,38
,24/03/2022 14:54,8.96E06,8.87E06,9.86E04,98.9%,12.2,DEFAULT,1909,1888,21
,24/03/2022 10:22,3.21E06,3.09E06,1.22E05,96.2%,16.6,DEFAULT,683,657,26
,24/03/2022 10:22,4.06E06,3.99E06,7.04E04,98.3%,12.4,DEFAULT,865,850,15
,23/03/2022 13:35,5.43E06,5.34E06,8.92E04,98.4%,12.5,DEFAULT,1156,1137,19
,23/03/2022 11:36,1.28E07,1.14E07,1.42E06,88.9%,12.0,DEFAULT,2731,2428,303
,23/03/2022 11:35,1.25E07,1.12E07,1.29E06,89.7%,12.3,DEFAULT,2668,2393,275
,23/03/2022 11:35,1.18E07,9.62E06,2.18E06,81.5%,13.5,DEFAULT,2513,2048,465
,23/03/2022 11:34,9.48E06,7.67E06,1.81E06,80.9%,11.9,DEFAULT,2019,1634,385
,23/03/2022 11:34,1.08E07,9.18E06,1.61E06,85.1%,11.2,DEFAULT,2296,1954,342
,23/03/2022 11:33,1.27E07,1.09E07,1.81E06,85.8%,11.3,DEFAULT,2703,2318,385
,23/03/2022 11:33,1.09E07,7.22E06,3.64E06,66.5%,13.3,DEFAULT,2313,1537,776
,23/03/2022 11:32,9.32E06,8.11E06,1.21E06,87.1%,12.3,DEFAULT,1985,1728,257
,23/03/2022 11:32,7.37E06,5.10E06,2.28E06,69.1%,11.1,DEFAULT,1570,1085,485
,23/03/2022 11:31,9.66E06,7.34E06,2.33E06,75.9%,13.8,DEFAULT,2058,1562,496
,23/03/2022 11:30,2.40E07,2.23E07,1.75E06,92.7%,7.8,DEFAULT,5120,4747,373
,23/03/2022 11:30,1.09E07,9.55E06,1.37E06,87.5%,11.5,DEFAULT,2324,2033,291
,23/03/2022 11:29,9.15E06,5.10E06,4.05E06,55.7%,13.3,DEFAULT,1948,1086,862
,23/03/2022 11:28,1.24E07,1.04E07,1.92E06,84.4%,11.8,DEFAULT,2635,2225,410
,23/03/2022 11:28,1.25E07,1.03E07,2.25E06,82.0%,10.9,DEFAULT,2671,2191,480
,23/03/2022 11:27,7.59E06,4.35E06,3.25E06,57.3%,12.5,DEFAULT,1617,926,691
,23/03/2022 11:27,1.09E07,8.68E06,2.22E06,79.7%,10.4,DEFAULT,2320,1848,472
,23/03/2022 11:26,5.91E06,4.74E06,1.17E06,80.2%,12.6,DEFAULT,1258,1009,249
,23/03/2022 11:26,1.48E07,1.33E07,1.48E06,90.0%,10.4,DEFAULT,3144,2829,315
,23/03/2022 11:25,7.98E06,5.17E06,2.81E06,64.8%,13.4,DEFAULT,1699,1101,598
,23/03/2022 11:25,8.26E06,6.15E06,2.11E06,74.5%,11.9,DEFAULT,1758,1309,449
,23/03/2022 11:24,8.15E06,6.61E06,1.54E06,81.0%,12.1,DEFAULT,1736,1407,329
,23/03/2022 11:24,6.01E06,4.10E06,1.91E06,68.3%,13.1,DEFAULT,1280,874,406
,23/03/2022 11:23,8.01E06,4.66E06,3.35E06,58.2%,13.6,DEFAULT,1706,993,713
,23/03/2022 11:22,5.12E06,3.74E06,1.38E06,73.0%,13.0,DEFAULT,1090,796,294
,23/03/2022 11:22,6.94E06,5.08E06,1.86E06,73.1%,12.8,DEFAULT,1478,1081,397
,23/03/2022 11:22,1.02E07,5.49E06,4.67E06,54.0%,12.7,DEFAULT,2165,1170,995
,23/03/2022 11:21,6.05E06,3.31E06,2.74E06,54.7%,13.3,DEFAULT,1288,705,583
,23/03/2022 11:21,6.94E06,3.74E06,3.21E06,53.8%,13.0,DEFAULT,1479,796,683
,23/03/2022 11:20,6.06E06,4.03E06,2.03E06,66.5%,12.4,DEFAULT,1290,858,432
,23/03/2022 11:19,6.88E06,5.65E06,1.23E06,82.1%,12.3,DEFAULT,1466,1204,262
,23/03/2022 11:19,5.32E06,4.24E06,1.08E06,79.8%,12.5,DEFAULT,1133,904,229
,23/03/2022 11:18,5.42E06,3.95E06,1.48E06,72.8%,13.3,DEFAULT,1155,841,314
,23/03/2022 11:17,1.05E07,8.40E06,2.11E06,79.9%,12.0,DEFAULT,2237,1788,449
,23/03/2022 11:17,1.11E07,7.59E06,3.50E06,68.4%,11.6,DEFAULT,2362,1616,746
,23/03/2022 11:16,7.62E06,5.58E06,2.03E06,73.3%,11.6,DEFAULT,1622,1189,433
,23/03/2022 11:16,9.36E06,7.87E06,1.49E06,84.1%,11.7,DEFAULT,1993,1676,317
,23/03/2022 11:15,8.44E06,7.26E06,1.19E06,85.9%,11.8,DEFAULT,1798,1545,253
,23/03/2022 11:14,5.32E06,4.06E06,1.26E06,76.3%,12.6,DEFAULT,1132,864,268
,23/03/2022 11:13,4.23E06,3.38E06,8.50E05,79.9%,12.4,DEFAULT,901,720,181
,23/03/2022 11:13,8.13E06,4.13E06,4.00E06,50.8%,12.8,DEFAULT,1731,880,851
,23/03/2022 11:12,7.93E06,5.99E06,1.94E06,75.5%,13.5,DEFAULT,1689,1276,413
,23/03/2022 11:12,5.40E06,4.47E06,9.25E05,82.9%,12.9,DEFAULT,1149,952,197
,23/03/2022 11:11,6.84E06,5.95E06,8.92E05,87.0%,12.6,DEFAULT,1456,1266,190
,23/03/2022 11:11,1.38E07,1.23E07,1.52E06,89.0%,11.4,DEFAULT,2943,2620,323
,23/03/2022 11:10,8.01E06,2.53E06,5.48E06,31.5%,13.3,DEFAULT,1706,538,1168
,23/03/2022 11:10,8.54E06,2.78E06,5.76E06,32.5%,13.2,DEFAULT,1819,592,1227
,23/03/2022 11:09,8.18E06,3.47E06,4.71E06,42.5%,12.8,DEFAULT,1743,740,1003
,23/03/2022 11:08,7.30E06,4.86E06,2.44E06,66.6%,13.4,DEFAULT,1554,1035,519
,23/03/2022 11:08,1.05E07,5.32E06,5.19E06,50.6%,13.7,DEFAULT,2239,1134,1105
,23/03/2022 11:07,6.59E06,4.93E06,1.66E06,74.8%,12.9,DEFAULT,1404,1050,354
,23/03/2022 11:07,7.04E06,5.28E06,1.77E06,74.9%,12.4,DEFAULT,1500,1124,376
,21/03/2022 13:16,6.61E06,6.43E06,1.83E05,97.2%,12.2,DEFAULT,1408,1369,39
,21/03/2022 13:16,3.30E06,3.21E06,9.39E04,97.2%,16.0,DEFAULT,703,683,20
,21/03/2022 11:37,1.38E07,1.30E07,7.75E05,94.4%,13.0,DEFAULT,2932,2767,165
,21/03/2022 11:37,1.69E07,1.62E07,6.86E05,95.9%,10.5,DEFAULT,3590,3444,146
,21/03/2022 11:36,1.50E07,1.43E07,7.09E05,95.3%,11.6,DEFAULT,3198,3047,151
,21/03/2022 11:35,1.19E07,1.13E07,5.96E05,95.0%,10.9,DEFAULT,2532,2405,127
,21/03/2022 11:35,1.12E07,1.06E07,6.01E05,94.6%,10.8,DEFAULT,2381,2253,128
,21/03/2022 11:34,1.40E07,1.34E07,6.62E05,95.3%,11.1,DEFAULT,2984,2843,141
,21/03/2022 11:33,1.33E07,1.03E07,2.96E06,77.7%,13.5,DEFAULT,2827,2196,631
,21/03/2022 11:33,1.35E07,1.29E07,6.29E05,95.3%,11.3,DEFAULT,2877,2743,134
,21/03/2022 11:32,1.04E07,9.73E06,6.25E05,94.0%,12.0,DEFAULT,2206,2073,133
,21/03/2022 11:31,1.22E07,1.09E07,1.28E06,89.5%,12.2,DEFAULT,2595,2322,273
,21/03/2022 11:31,1.44E07,1.34E07,1.04E06,92.8%,12.1,DEFAULT,3072,2851,221
,21/03/2022 11:30,1.26E07,1.20E07,5.45E05,95.7%,11.6,DEFAULT,2679,2563,116
,21/03/2022 11:30,1.03E07,7.29E06,2.97E06,71.0%,12.3,DEFAULT,2185,1552,633
,21/03/2022 11:29,1.26E07,1.19E07,7.04E05,94.4%,11.9,DEFAULT,2686,2536,150
,21/03/2022 11:28,1.13E07,1.06E07,6.62E05,94.1%,11.4,DEFAULT,2401,2260,141
,21/03/2022 11:27,1.13E07,8.91E06,2.37E06,79.0%,13.0,DEFAULT,2401,1897,504
,21/03/2022 11:27,1.01E07,9.57E06,5.17E05,94.9%,11.5,DEFAULT,2149,2039,110
,21/03/2022 11:26,9.91E06,9.22E06,6.90E05,93.0%,12.0,DEFAULT,2111,1964,147
,21/03/2022 11:26,1.21E07,1.15E07,5.82E05,95.2%,12.1,DEFAULT,2581,2457,124
,21/03/2022 11:25,1.18E07,9.83E06,2.00E06,83.1%,13.1,DEFAULT,2520,2094,426
,21/03/2022 11:25,1.21E07,1.03E07,1.76E06,85.5%,12.4,DEFAULT,2572,2198,374
,21/03/2022 11:24,1.01E07,9.52E06,5.54E05,94.5%,12.8,DEFAULT,2145,2027,118
,21/03/2022 11:23,1.08E07,9.27E06,1.56E06,85.6%,12.3,DEFAULT,2307,1974,333
,21/03/2022 11:23,1.24E07,1.01E07,2.27E06,81.7%,13.6,DEFAULT,2638,2154,484
,21/03/2022 11:22,9.63E06,8.46E06,1.17E06,87.9%,12.7,DEFAULT,2050,1801,249
,21/03/2022 11:22,1.32E07,1.25E07,7.09E05,94.6%,12.1,DEFAULT,2805,2654,151
,21/03/2022 11:21,1.09E07,8.14E06,2.72E06,75.0%,12.3,DEFAULT,2313,1734,579
,21/03/2022 11:20,1.14E07,9.23E06,2.12E06,81.3%,13.2,DEFAULT,2417,1965,452
,21/03/2022 11:19,1.03E07,8.24E06,2.07E06,80.0%,13.0,DEFAULT,2195,1755,440
,21/03/2022 11:19,9.54E06,8.52E06,1.02E06,89.3%,12.7,DEFAULT,2032,1814,218
,21/03/2022 11:18,1.04E07,9.81E06,5.54E05,94.7%,11.9,DEFAULT,2206,2088,118
,21/03/2022 11:18,1.16E07,1.10E07,5.92E05,94.9%,12.1,DEFAULT,2467,2341,126
,21/03/2022 11:17,1.06E07,9.27E06,1.31E06,87.6%,12.8,DEFAULT,2255,1975,280
,21/03/2022 11:17,1.03E07,9.31E06,9.49E05,90.8%,13.1,DEFAULT,2185,1983,202
,21/03/2022 11:16,1.30E07,1.13E07,1.70E06,87.0%,12.7,DEFAULT,2767,2406,361
,21/03/2022 11:16,9.46E06,8.39E06,1.08E06,88.6%,13.7,DEFAULT,2015,1786,229
,21/03/2022 11:15,1.05E07,9.48E06,1.03E06,90.2%,13.4,DEFAULT,2239,2019,220
,21/03/2022 11:14,1.19E07,1.11E07,7.70E05,93.5%,13.3,DEFAULT,2530,2366,164
,21/03/2022 11:13,1.10E07,1.03E07,7.37E05,93.3%,12.4,DEFAULT,2351,2194,157
,21/03/2022 11:11,1.15E07,1.08E07,7.00E05,93.9%,12.5,DEFAULT,2447,2298,149
,21/03/2022 11:11,1.10E07,1.01E07,9.20E05,91.6%,12.7,DEFAULT,2346,2150,196
,21/03/2022 11:10,1.21E07,9.15E06,2.93E06,75.7%,12.7,DEFAULT,2573,1949,624
,21/03/2022 11:09,1.12E07,9.07E06,2.17E06,80.7%,13.3,DEFAULT,2394,1932,462
,21/03/2022 11:09,8.79E06,8.04E06,7.51E05,91.5%,13.6,DEFAULT,1872,1712,160
,21/03/2022 11:08,1.10E07,1.02E07,7.42E05,93.2%,12.6,DEFAULT,2334,2176,158
,21/03/2022 11:07,1.21E07,1.12E07,9.02E05,92.6%,12.1,DEFAULT,2585,2393,192
,21/03/2022 11:07,1.15E07,7.26E06,4.24E06,63.1%,13.2,DEFAULT,2447,1545,902
,21/03/2022 11:04,9.96E06,6.26E06,3.70E06,62.9%,13.2,DEFAULT,2120,1333,787
,21/03/2022 11:04,1.09E07,7.52E06,3.43E06,68.7%,12.8,DEFAULT,2331,1601,730
,21/03/2022 11:03,9.03E06,7.18E06,1.84E06,79.6%,12.9,DEFAULT,1922,1530,392
,21/03/2022 11:02,1.22E07,9.71E06,2.45E06,79.9%,13.2,DEFAULT,2589,2068,521
,21/03/2022 11:02,1.10E07,9.72E06,1.27E06,88.5%,11.9,DEFAULT,2340,2070,270
,21/03/2022 11:01,1.04E07,9.58E06,7.98E05,92.3%,13.1,DEFAULT,2210,2040,170
,21/03/2022 09:11,6.44E06,7.75E05,5.66E06,12.0%,14.3,DEFAULT,1371,165,1206
,18/03/2022 12:07,8.74E06,8.59E06,1.46E05,98.3%,12.7,DEFAULT,1861,1830,31
,18/03/2022 12:06,7.76E06,7.66E06,1.03E05,98.7%,13.0,DEFAULT,1653,1631,22
,18/03/2022 12:05,8.02E06,7.87E06,1.55E05,98.1%,13.1,DEFAULT,1708,1675,33
,18/03/2022 12:04,7.34E06,7.20E06,1.41E05,98.1%,13.0,DEFAULT,1564,1534,30
,17/03/2022 17:56,8.80E06,8.61E06,1.83E05,97.9%,12.1,DEFAULT,1873,1834,39
,17/03/2022 15:55,6.66E06,6.50E06,1.55E05,97.7%,12.4,DEFAULT,1418,1385,33
,17/03/2022 15:54,5.40E06,5.23E06,1.69E05,96.9%,11.9,DEFAULT,1149,1113,36
,17/03/2022 10:59,3.42E06,3.30E06,1.22E05,96.4%,16.7,DEFAULT,729,703,26
,17/03/2022 10:50,5.08E06,4.98E06,9.86E04,98.1%,12.6,DEFAULT,1081,1060,21
,17/03/2022 09:59,5.88E06,5.72E06,1.50E05,97.4%,12.6,DEFAULT,1251,1219,32
,17/03/2022 08:04,5.68E06,5.50E06,1.79E05,96.9%,12.7,DEFAULT,1210,1172,38
,17/03/2022 08:02,7.98E04,2.82E04,5.17E04,35.3%,14.5,DEFAULT,17,6,11
,17/03/2022 07:37,6.52E06,6.40E06,1.22E05,98.1%,12.0,DEFAULT,1389,1363,26
,17/03/2022 07:36,1.14E07,1.11E07,2.39E05,97.9%,11.4,DEFAULT,2419,2368,51
,16/03/2022 12:38,1.30E07,9.92E06,3.06E06,76.4%,12.2,DEFAULT,2764,2112,652
,16/03/2022 12:37,6.40E06,2.10E06,4.30E06,32.9%,11.8,DEFAULT,1363,448,915
,16/03/2022 12:34,4.95E06,4.47E06,4.84E05,90.2%,15.6,DEFAULT,1055,952,103
,14/03/2022 12:47,7.30E06,6.11E06,1.19E06,83.7%,13.3,DEFAULT,1554,1300,254
,14/03/2022 12:45,1.01E07,6.39E06,3.74E06,63.1%,11.0,DEFAULT,2156,1360,796
,14/03/2022 12:44,1.11E07,9.95E06,1.19E06,89.3%,13.8,DEFAULT,2371,2118,253
,14/03/2022 12:34,2.77E06,2.68E06,8.92E04,96.8%,15.4,DEFAULT,590,571,19
,14/03/2022 11:52,6.67E06,6.36E06,3.05E05,95.4%,12.9,DEFAULT,1420,1355,65
,14/03/2022 11:49,5.31E06,4.47E06,8.36E05,84.3%,11.8,DEFAULT,1131,953,178
,14/03/2022 11:48,6.77E06,5.87E06,9.06E05,86.6%,12.9,DEFAULT,1442,1249,193
,11/03/2022 11:20,6.00E06,5.76E06,2.44E05,95.9%,12.3,DEFAULT,1278,1226,52
,11/03/2022 11:18,2.11E06,1.73E06,3.80E05,82.0%,12.9,DEFAULT,450,369,81
,11/03/2022 11:16,1.80E06,1.52E06,2.82E05,84.4%,16.3,DEFAULT,384,324,60
,11/03/2022 10:41,9.19E06,9.02E06,1.69E05,98.2%,12.5,DEFAULT,1957,1921,36
,11/03/2022 10:41,8.24E06,7.81E06,4.27E05,94.8%,12.4,DEFAULT,1755,1664,91
,11/03/2022 10:40,8.43E06,8.29E06,1.36E05,98.4%,12.4,DEFAULT,1795,1766,29
,10/03/2022 13:15,8.63E06,8.40E06,2.25E05,97.4%,11.8,DEFAULT,1837,1789,48
,10/03/2022 13:14,2.81E06,2.57E06,2.44E05,91.3%,12.8,DEFAULT,599,547,52
,10/03/2022 13:14,3.17E06,2.93E06,2.39E05,92.5%,12.2,DEFAULT,676,625,51
,10/03/2022 11:18,1.10E06,1.02E06,7.98E04,92.7%,15.5,DEFAULT,234,217,17
,10/03/2022 11:17,1.01E06,9.67E05,4.70E04,95.4%,12.9,DEFAULT,216,206,10
,09/03/2022 14:48,7.14E06,7.03E06,1.13E05,98.4%,12.2,DEFAULT,1521,1497,24
,09/03/2022 12:57,7.33E05,5.07E05,2.25E05,69.2%,16.5,DEFAULT,156,108,48
,09/03/2022 12:56,6.53E05,4.65E05,1.88E05,71.2%,16.4,DEFAULT,139,99,40
,09/03/2022 12:55,9.25E05,8.73E05,5.17E04,94.4%,13.1,DEFAULT,197,186,11
,09/03/2022 11:16,1.18E07,1.16E07,2.35E05,98.0%,13.2,DEFAULT,2515,2465,50
,09/03/2022 11:15,7.66E06,5.36E06,2.31E06,69.9%,14.4,DEFAULT,1632,1141,491
,09/03/2022 11:14,6.32E06,3.79E06,2.53E06,60.0%,14.2,DEFAULT,1346,807,539
,09/03/2022 11:14,6.56E06,4.66E06,1.90E06,71.1%,15.3,DEFAULT,1396,992,404
,09/03/2022 11:13,9.12E06,8.26E06,8.64E05,90.5%,13.9,DEFAULT,1943,1759,184
,09/03/2022 11:12,1.01E07,4.92E06,5.22E06,48.5%,13.8,DEFAULT,2158,1047,1111
,09/03/2022 11:11,1.07E07,1.00E07,6.72E05,93.7%,11.8,DEFAULT,2275,2132,143
,09/03/2022 11:10,8.85E06,3.60E06,5.25E06,40.7%,14.5,DEFAULT,1884,767,1117
,09/03/2022 11:09,7.47E06,2.84E06,4.63E06,38.0%,13.5,DEFAULT,1590,604,986
,09/03/2022 11:09,8.38E06,3.10E06,5.28E06,37.0%,13.4,DEFAULT,1785,660,1125
,09/03/2022 11:08,9.21E06,3.49E06,5.72E06,37.9%,13.5,DEFAULT,1961,743,1218
,09/03/2022 11:07,7.95E06,3.61E06,4.34E06,45.4%,13.9,DEFAULT,1693,769,924
,09/03/2022 11:06,7.77E06,2.98E06,4.79E06,38.3%,13.6,DEFAULT,1654,634,1020
,09/03/2022 11:06,9.56E06,9.06E06,4.98E05,94.8%,14.7,DEFAULT,2036,1930,106
,09/03/2022 11:05,7.69E06,2.55E06,5.14E06,33.2%,13.1,DEFAULT,1638,544,1094
,09/03/2022 11:04,6.69E06,5.88E06,8.08E05,87.9%,14.3,DEFAULT,1425,1253,172
,09/03/2022 11:03,7.13E06,3.01E06,4.12E06,42.2%,13.0,DEFAULT,1519,641,878
,09/03/2022 11:03,7.87E06,4.04E06,3.82E06,51.4%,14.1,DEFAULT,1675,861,814
,09/03/2022 11:02,5.82E06,4.24E06,1.58E06,72.8%,13.9,DEFAULT,1240,903,337
,09/03/2022 11:00,7.16E06,2.15E06,5.01E06,30.0%,13.5,DEFAULT,1524,457,1067
,07/03/2022 14:47,4.36E06,4.24E06,1.27E05,97.1%,16.9,DEFAULT,929,902,27
,07/03/2022 14:47,4.09E06,3.90E06,1.83E05,95.5%,12.1,DEFAULT,870,831,39
,07/03/2022 14:46,1.24E07,1.19E07,4.88E05,96.1%,12.9,DEFAULT,2635,2531,104
,07/03/2022 14:45,1.01E07,7.42E06,2.66E06,73.6%,12.8,DEFAULT,2148,1581,567
,07/03/2022 14:44,7.99E06,6.57E06,1.42E06,82.2%,14.7,DEFAULT,1701,1399,302
,07/03/2022 14:43,9.99E06,9.26E06,7.33E05,92.7%,14.1,DEFAULT,2127,1971,156
,07/03/2022 14:42,1.08E07,9.89E06,9.20E05,91.5%,12.9,DEFAULT,2301,2105,196
,07/03/2022 14:41,9.06E06,6.48E06,2.58E06,71.6%,13.6,DEFAULT,1930,1381,549
,07/03/2022 14:40,1.06E07,9.64E06,9.49E05,91.0%,13.9,DEFAULT,2254,2052,202
,07/03/2022 14:39,8.38E06,5.72E06,2.67E06,68.2%,13.4,DEFAULT,1785,1217,568
,07/03/2022 14:38,8.90E06,5.65E06,3.25E06,63.5%,13.4,DEFAULT,1896,1204,692
,07/03/2022 14:37,8.47E06,5.37E06,3.10E06,63.4%,13.4,DEFAULT,1804,1143,661
,07/03/2022 14:36,8.18E06,5.10E06,3.08E06,62.3%,12.9,DEFAULT,1742,1086,656
,07/03/2022 14:36,7.76E06,5.07E06,2.69E06,65.3%,13.3,DEFAULT,1653,1080,573
,07/03/2022 14:35,8.44E06,5.74E06,2.70E06,68.0%,13.3,DEFAULT,1797,1222,575
,07/03/2022 14:34,1.23E07,1.12E07,1.11E06,91.0%,12.9,DEFAULT,2621,2384,237
,07/03/2022 14:33,8.65E06,5.28E06,3.37E06,61.1%,12.9,DEFAULT,1842,1125,717
,07/03/2022 14:32,1.01E07,8.94E06,1.20E06,88.1%,13.1,DEFAULT,2160,1904,256
,07/03/2022 14:32,9.31E06,6.60E06,2.71E06,70.9%,13.7,DEFAULT,1983,1405,578
,07/03/2022 14:31,8.59E06,6.20E06,2.39E06,72.2%,13.5,DEFAULT,1829,1321,508
,07/03/2022 14:30,9.40E06,8.33E06,1.08E06,88.6%,13.6,DEFAULT,2002,1773,229
,07/03/2022 14:29,7.47E06,4.09E06,3.38E06,54.7%,13.5,DEFAULT,1591,871,720
,07/03/2022 11:14,5.11E06,2.17E06,2.93E06,42.6%,13.5,DEFAULT,1088,463,625
,07/03/2022 11:13,8.04E06,6.27E06,1.77E06,78.0%,13.4,DEFAULT,1712,1335,377
,07/03/2022 11:13,5.72E06,3.62E06,2.10E06,63.2%,14.0,DEFAULT,1219,771,448
,07/03/2022 11:12,4.78E06,3.28E06,1.51E06,68.5%,13.4,DEFAULT,1019,698,321
,07/03/2022 11:12,5.55E06,3.89E06,1.65E06,70.2%,13.4,DEFAULT,1181,829,352
,07/03/2022 11:11,5.18E06,3.97E06,1.21E06,76.6%,12.6,DEFAULT,1103,845,258
,07/03/2022 11:11,4.85E06,4.04E06,8.03E05,83.4%,12.9,DEFAULT,1032,861,171
,07/03/2022 11:10,6.64E06,5.54E06,1.10E06,83.4%,12.0,DEFAULT,1415,1180,235
,07/03/2022 11:10,4.97E06,2.52E06,2.45E06,50.8%,13.6,DEFAULT,1058,537,521
,07/03/2022 11:09,4.31E06,3.09E06,1.22E06,71.8%,14.3,DEFAULT,917,658,259
,07/03/2022 11:09,5.36E06,4.81E06,5.49E05,89.8%,12.9,DEFAULT,1142,1025,117
,07/03/2022 11:08,5.29E06,4.31E06,9.82E05,81.4%,13.1,DEFAULT,1126,917,209
,07/03/2022 11:07,6.02E06,3.58E06,2.43E06,59.6%,12.4,DEFAULT,1281,763,518
,07/03/2022 11:07,6.66E06,5.10E06,1.56E06,76.6%,14.6,DEFAULT,1418,1086,332
,07/03/2022 11:06,1.05E07,9.77E06,7.61E05,92.8%,14.1,DEFAULT,2243,2081,162
,07/03/2022 11:06,1.22E07,1.14E07,7.89E05,93.6%,11.7,DEFAULT,2607,2439,168
,07/03/2022 11:05,8.16E06,6.63E06,1.53E06,81.3%,13.4,DEFAULT,1737,1412,325
,07/03/2022 11:05,1.06E07,9.65E06,9.53E05,91.0%,13.1,DEFAULT,2258,2055,203
,07/03/2022 11:04,7.89E06,6.59E06,1.31E06,83.5%,14.3,DEFAULT,1681,1403,278
,07/03/2022 11:04,8.57E06,6.96E06,1.62E06,81.2%,14.1,DEFAULT,1826,1482,344
,07/03/2022 11:03,8.60E06,6.00E06,2.60E06,69.7%,13.9,DEFAULT,1831,1277,554
,07/03/2022 11:03,9.57E06,5.76E06,3.81E06,60.2%,14.1,DEFAULT,2038,1227,811
,07/03/2022 11:02,9.87E06,5.56E06,4.31E06,56.4%,13.4,DEFAULT,2101,1184,917
,07/03/2022 11:01,7.92E06,6.02E06,1.90E06,76.0%,14.1,DEFAULT,1686,1282,404
,07/03/2022 11:01,7.49E06,6.59E06,9.02E05,88.0%,14.6,DEFAULT,1596,1404,192
,07/03/2022 11:00,9.38E06,8.42E06,9.63E05,89.7%,14.3,DEFAULT,1998,1793,205
,07/03/2022 10:59,8.89E06,8.34E06,5.49E05,93.8%,14.4,DEFAULT,1894,1777,117
,07/03/2022 10:59,8.38E06,6.59E06,1.79E06,78.6%,14.5,DEFAULT,1785,1403,382
,07/03/2022 10:58,8.43E06,7.00E06,1.44E06,83.0%,14.3,DEFAULT,1796,1490,306
,07/03/2022 10:58,1.21E07,1.11E07,9.39E05,92.2%,13.3,DEFAULT,2569,2369,200
,07/03/2022 10:57,7.54E06,6.77E06,7.75E05,89.7%,14.3,DEFAULT,1606,1441,165
,07/03/2022 10:57,8.54E06,5.65E06,2.89E06,66.1%,13.9,DEFAULT,1819,1203,616
,07/03/2022 10:56,8.48E06,6.21E06,2.27E06,73.2%,13.6,DEFAULT,1805,1322,483
,07/03/2022 10:56,7.78E06,7.02E06,7.61E05,90.2%,14.4,DEFAULT,1657,1495,162
,07/03/2022 10:55,8.48E06,7.28E06,1.20E06,85.9%,13.5,DEFAULT,1805,1550,255
,07/03/2022 10:55,1.55E07,1.42E07,1.30E06,91.6%,12.9,DEFAULT,3293,3017,276
,07/03/2022 10:54,9.33E06,8.18E06,1.15E06,87.7%,13.0,DEFAULT,1986,1741,245
,07/03/2022 10:28,1.08E07,9.26E06,1.49E06,86.2%,15.4,DEFAULT,2289,1972,317
,07/03/2022 10:27,9.19E06,8.88E06,3.10E05,96.6%,16.8,DEFAULT,1956,1890,66
,07/03/2022 10:26,7.97E06,5.96E06,2.01E06,74.8%,14.4,DEFAULT,1698,1270,428
,07/03/2022 10:25,7.69E06,7.25E06,4.41E05,94.3%,15.9,DEFAULT,1638,1544,94
,07/03/2022 09:45,2.96E06,2.77E06,1.88E05,93.7%,14.0,DEFAULT,630,590,40
,07/03/2022 09:44,4.90E06,4.64E06,2.54E05,94.8%,17.1,DEFAULT,1043,989,54
,07/03/2022 09:44,5.80E06,5.59E06,2.07E05,96.4%,16.1,DEFAULT,1235,1191,44
,07/03/2022 09:43,5.63E06,5.40E06,2.25E05,96.0%,18.3,DEFAULT,1199,1151,48
,07/03/2022 09:42,4.59E06,4.31E06,2.77E05,94.0%,15.7,DEFAULT,977,918,59
,07/03/2022 09:42,3.98E06,3.82E06,1.64E05,95.9%,17.6,DEFAULT,848,813,35
,07/03/2022 09:41,8.34E06,8.03E06,3.05E05,96.3%,15.3,DEFAULT,1776,1711,65
,04/03/2022 11:50,9.63E06,9.27E06,3.62E05,96.2%,15.2,DEFAULT,2050,1973,77
,04/03/2022 11:49,1.15E07,1.03E07,1.18E06,89.7%,13.5,DEFAULT,2450,2198,252
,04/03/2022 11:49,1.09E07,9.90E06,9.91E05,90.9%,14.2,DEFAULT,2320,2109,211
,04/03/2022 11:48,6.93E06,6.14E06,7.89E05,88.6%,14.6,DEFAULT,1476,1308,168
,04/03/2022 11:46,5.22E06,5.06E06,1.60E05,96.9%,16.6,DEFAULT,1112,1078,34
,04/03/2022 11:34,7.16E06,7.03E06,1.27E05,98.2%,12.0,DEFAULT,1525,1498,27
,04/03/2022 11:34,8.03E06,7.89E06,1.36E05,98.3%,11.6,DEFAULT,1709,1680,29
,04/03/2022 11:33,8.80E06,8.47E06,3.33E05,96.2%,11.6,DEFAULT,1874,1803,71
,04/03/2022 11:33,1.06E07,1.05E07,8.92E04,99.2%,11.9,DEFAULT,2257,2238,19
,04/03/2022 11:32,5.43E06,5.17E06,2.63E05,95.2%,14.9,DEFAULT,1156,1100,56
,04/03/2022 11:32,3.56E06,3.39E06,1.64E05,95.4%,15.0,DEFAULT,757,722,35
,04/03/2022 11:31,4.57E06,4.26E06,3.19E05,93.0%,14.4,DEFAULT,974,906,68
,04/03/2022 11:30,4.85E06,4.55E06,2.96E05,93.9%,15.5,DEFAULT,1032,969,63
,04/03/2022 11:30,4.16E06,3.97E06,1.83E05,95.6%,15.1,DEFAULT,885,846,39
,04/03/2022 11:29,4.56E06,4.35E06,2.11E05,95.4%,14.6,DEFAULT,972,927,45
,04/03/2022 11:28,3.62E06,3.43E06,1.92E05,94.7%,14.5,DEFAULT,771,730,41
,04/03/2022 11:28,4.53E06,3.39E06,1.14E06,74.8%,12.8,DEFAULT,965,722,243
,04/03/2022 11:27,7.52E06,6.72E06,7.94E05,89.4%,14.2,DEFAULT,1601,1432,169
,04/03/2022 11:27,7.18E06,6.19E06,9.91E05,86.2%,13.6,DEFAULT,1529,1318,211
,04/03/2022 11:26,6.06E06,4.95E06,1.10E06,81.8%,13.7,DEFAULT,1290,1055,235
,04/03/2022 11:26,6.23E06,5.24E06,9.86E05,84.2%,13.9,DEFAULT,1326,1116,210
,04/03/2022 11:25,5.08E06,4.34E06,7.33E05,85.6%,14.2,DEFAULT,1081,925,156
,04/03/2022 11:24,6.53E06,5.57E06,9.58E05,85.3%,13.9,DEFAULT,1391,1187,204
,04/03/2022 11:24,6.51E06,5.83E06,6.86E05,89.5%,14.2,DEFAULT,1387,1241,146
,04/03/2022 11:23,7.30E06,6.17E06,1.13E06,84.6%,13.8,DEFAULT,1554,1314,240
,04/03/2022 11:22,6.44E06,4.44E06,2.00E06,68.9%,13.4,DEFAULT,1371,945,426
,04/03/2022 11:22,7.16E06,5.89E06,1.27E06,82.3%,14.3,DEFAULT,1524,1254,270
,04/03/2022 11:22,7.63E06,6.21E06,1.41E06,81.5%,13.6,DEFAULT,1624,1323,301
,04/03/2022 11:21,6.85E06,5.95E06,9.02E05,86.8%,13.9,DEFAULT,1458,1266,192
,04/03/2022 11:21,6.73E06,5.53E06,1.19E06,82.3%,13.3,DEFAULT,1432,1178,254
,04/03/2022 11:20,9.54E06,8.55E06,9.86E05,89.7%,13.5,DEFAULT,2031,1821,210
,04/03/2022 11:20,9.73E06,9.34E06,3.90E05,96.0%,13.8,DEFAULT,2072,1989,83
,04/03/2022 11:19,1.01E07,9.77E06,3.05E05,97.0%,13.6,DEFAULT,2146,2081,65
,04/03/2022 11:17,9.56E06,8.92E06,6.43E05,93.3%,14.0,DEFAULT,2036,1899,137
,04/03/2022 11:17,1.02E07,9.86E06,3.29E05,96.8%,13.5,DEFAULT,2169,2099,70
,04/03/2022 11:16,8.49E06,7.86E06,6.29E05,92.6%,13.4,DEFAULT,1808,1674,134
,04/03/2022 11:16,9.43E06,8.61E06,8.12E05,91.4%,13.7,DEFAULT,2007,1834,173
,04/03/2022 11:15,9.31E06,8.51E06,7.98E05,91.4%,13.3,DEFAULT,1982,1812,170
,04/03/2022 11:15,8.90E06,8.01E06,8.88E05,90.0%,13.5,DEFAULT,1895,1706,189
,04/03/2022 11:14,8.81E06,8.03E06,7.79E05,91.2%,13.6,DEFAULT,1877,1711,166
,04/03/2022 11:13,1.00E07,9.30E06,7.47E05,92.6%,14.0,DEFAULT,2140,1981,159
,04/03/2022 11:13,8.69E06,8.06E06,6.29E05,92.8%,13.8,DEFAULT,1851,1717,134
,04/03/2022 11:12,1.02E07,9.69E06,5.31E05,94.8%,13.4,DEFAULT,2177,2064,113
,04/03/2022 11:11,9.74E06,9.44E06,2.91E05,97.0%,13.6,DEFAULT,2073,2011,62
,04/03/2022 11:11,9.27E06,8.37E06,9.02E05,90.3%,13.6,DEFAULT,1974,1782,192
,04/03/2022 11:10,8.96E06,8.35E06,6.06E05,93.2%,13.8,DEFAULT,1907,1778,129
,04/03/2022 11:10,8.96E06,8.60E06,3.62E05,96.0%,13.3,DEFAULT,1908,1831,77
,04/03/2022 11:09,9.09E06,8.32E06,7.66E05,91.6%,13.3,DEFAULT,1935,1772,163
,04/03/2022 11:09,1.00E07,9.10E06,9.06E05,90.9%,13.4,DEFAULT,2130,1937,193
,04/03/2022 11:08,8.89E06,7.77E06,1.12E06,87.4%,13.1,DEFAULT,1893,1654,239
,04/03/2022 11:08,9.34E06,8.37E06,9.67E05,89.6%,13.6,DEFAULT,1988,1782,206
,04/03/2022 11:07,1.04E07,9.48E06,8.92E05,91.4%,13.7,DEFAULT,2208,2018,190
,04/03/2022 11:07,1.28E07,1.23E07,5.45E05,95.7%,13.6,DEFAULT,2727,2611,116
,04/03/2022 11:06,9.04E06,8.44E06,5.96E05,93.4%,13.3,DEFAULT,1924,1797,127
,03/03/2022 14:40,7.33E06,7.17E06,1.55E05,97.9%,12.3,DEFAULT,1560,1527,33
,03/03/2022 14:38,6.45E06,6.34E06,1.03E05,98.4%,12.1,DEFAULT,1373,1351,22
,03/03/2022 14:38,6.40E06,6.20E06,1.97E05,96.9%,12.0,DEFAULT,1362,1320,42
,03/03/2022 14:37,4.94E06,4.77E06,1.74E05,96.5%,12.1,DEFAULT,1053,1016,37
,03/03/2022 14:36,2.56E06,2.51E06,5.17E04,98.0%,15.5,DEFAULT,546,535,11
,03/03/2022 12:52,5.69E06,5.62E06,7.04E04,98.8%,12.4,DEFAULT,1211,1196,15
,03/03/2022 12:51,7.18E06,6.65E06,5.31E05,92.6%,12.2,DEFAULT,1529,1416,113
,03/03/2022 12:49,5.03E06,4.57E06,4.65E05,90.8%,12.3,DEFAULT,1071,972,99
,03/03/2022 12:48,2.63E06,2.54E06,8.92E04,96.6%,15.8,DEFAULT,559,540,19
,02/03/2022 15:32,6.17E06,6.09E06,7.98E04,98.7%,12.5,DEFAULT,1314,1297,17
,02/03/2022 12:14,1.01E07,9.88E06,2.25E05,97.8%,12.2,DEFAULT,2151,2103,48
,02/03/2022 11:56,9.99E06,9.76E06,2.35E05,97.7%,12.2,DEFAULT,2128,2078,50
,02/03/2022 11:20,4.58E06,4.47E06,1.13E05,97.5%,12.3,DEFAULT,976,952,24
,02/03/2022 11:19,1.05E07,1.04E07,1.50E05,98.6%,12.7,DEFAULT,2245,2213,32
,02/03/2022 11:19,7.80E06,7.68E06,1.17E05,98.5%,13.0,DEFAULT,1661,1636,25
,02/03/2022 11:17,7.75E06,7.60E06,1.50E05,98.1%,13.0,DEFAULT,1651,1619,32
,02/03/2022 11:16,9.64E06,9.46E06,1.79E05,98.1%,12.7,DEFAULT,2052,2014,38
,01/03/2022 15:06,6.78E06,6.70E06,8.45E04,98.8%,12.5,DEFAULT,1444,1426,18
,01/03/2022 11:53,5.63E06,5.53E06,9.86E04,98.2%,12.4,DEFAULT,1198,1177,21
,01/03/2022 11:52,7.05E06,6.97E06,8.45E04,98.8%,12.3,DEFAULT,1502,1484,18
,01/03/2022 11:51,5.51E06,5.38E06,1.27E05,97.7%,11.9,DEFAULT,1173,1146,27
,28/02/2022 13:27,2.49E06,2.40E06,8.45E04,96.6%,12.3,DEFAULT,530,512,18
,28/02/2022 13:26,3.59E06,3.48E06,1.03E05,97.1%,13.1,DEFAULT,764,742,22
,28/02/2022 13:26,2.64E06,2.45E06,1.92E05,92.7%,12.4,DEFAULT,562,521,41
,28/02/2022 11:51,8.39E06,8.23E06,1.64E05,98.0%,11.4,DEFAULT,1787,1752,35
,28/02/2022 11:51,4.98E06,4.84E06,1.36E05,97.3%,12.8,DEFAULT,1060,1031,29
,28/02/2022 11:50,3.76E06,3.60E06,1.55E05,95.9%,17.5,DEFAULT,800,767,33
,28/02/2022 11:41,4.59E06,2.18E06,2.40E06,47.6%,11.4,DEFAULT,977,465,512
,28/02/2022 11:40,3.49E06,8.50E05,2.64E06,24.3%,11.0,DEFAULT,744,181,563
,28/02/2022 11:39,4.52E06,1.94E06,2.58E06,42.8%,11.3,DEFAULT,962,412,550
,28/02/2022 11:25,4.60E06,1.73E06,2.87E06,37.6%,11.0,DEFAULT,980,368,612
,24/02/2022 13:55,3.13E06,3.10E06,3.76E04,98.8%,12.5,DEFAULT,667,659,8
,24/02/2022 13:55,6.43E06,6.31E06,1.22E05,98.1%,12.1,DEFAULT,1370,1344,26
,24/02/2022 13:55,3.33E06,3.25E06,7.51E04,97.7%,12.8,DEFAULT,708,692,16
,24/02/2022 13:54,3.22E06,3.11E06,1.08E05,96.6%,17.0,DEFAULT,685,662,23
,24/02/2022 12:40,4.96E06,4.41E06,5.49E05,88.9%,13.4,DEFAULT,1056,939,117
,24/02/2022 12:38,5.89E06,5.08E06,8.17E05,86.1%,13.0,DEFAULT,1255,1081,174
,24/02/2022 12:37,4.71E06,4.35E06,3.52E05,92.5%,13.7,DEFAULT,1002,927,75
,24/02/2022 12:36,3.27E06,2.57E06,7.00E05,78.6%,12.4,DEFAULT,696,547,149
,23/02/2022 11:27,4.89E06,5.45E05,4.35E06,11.1%,11.0,DEFAULT,1042,116,926
,23/02/2022 11:27,4.31E06,1.14E06,3.17E06,26.4%,11.5,DEFAULT,917,242,675
,23/02/2022 11:26,4.62E06,1.48E06,3.14E06,32.0%,12.4,DEFAULT,983,315,668
,23/02/2022 11:25,7.41E06,4.78E06,2.62E06,64.6%,12.2,DEFAULT,1578,1019,559
,23/02/2022 11:24,6.61E06,4.59E06,2.02E06,69.5%,13.3,DEFAULT,1408,978,430
,23/02/2022 11:23,4.59E06,2.38E06,2.21E06,51.8%,14.1,DEFAULT,977,506,471
,23/02/2022 11:22,4.37E06,1.48E06,2.89E06,33.9%,12.2,DEFAULT,930,315,615
,23/02/2022 11:22,6.35E06,2.20E06,4.15E06,34.6%,12.4,DEFAULT,1352,468,884
,23/02/2022 11:19,2.36E06,1.24E06,1.12E06,52.5%,14.9,DEFAULT,503,264,239
,22/02/2022 08:28,5.68E06,5.56E06,1.22E05,97.9%,12.3,DEFAULT,1210,1184,26
,22/02/2022 08:27,6.27E06,6.16E06,1.08E05,98.3%,12.6,DEFAULT,1335,1312,23
,21/02/2022 14:11,1.05E07,9.43E06,1.04E06,90.1%,16.1,DEFAULT,2230,2009,221
,21/02/2022 14:10,7.60E06,6.30E06,1.30E06,82.9%,14.9,DEFAULT,1618,1341,277
,21/02/2022 14:09,8.75E06,8.24E06,5.12E05,94.2%,17.0,DEFAULT,1864,1755,109
,21/02/2022 14:09,8.10E06,6.93E06,1.17E06,85.6%,15.7,DEFAULT,1724,1475,249
,21/02/2022 14:08,1.03E07,9.36E06,9.44E05,90.8%,15.8,DEFAULT,2195,1994,201
,21/02/2022 14:07,7.76E06,6.71E06,1.05E06,86.4%,15.7,DEFAULT,1653,1429,224
,21/02/2022 13:58,1.22E07,8.51E06,3.72E06,69.6%,12.5,DEFAULT,2605,1812,793
,21/02/2022 13:58,1.12E07,9.16E06,2.08E06,81.5%,12.8,DEFAULT,2393,1950,443
,21/02/2022 13:57,8.15E06,6.65E06,1.50E06,81.6%,11.8,DEFAULT,1735,1416,319
,21/02/2022 13:56,7.44E06,4.05E06,3.39E06,54.4%,11.1,DEFAULT,1585,862,723
,21/02/2022 13:55,8.66E06,5.93E06,2.73E06,68.4%,11.9,DEFAULT,1844,1262,582
,21/02/2022 13:53,8.48E06,4.58E06,3.90E06,54.0%,11.1,DEFAULT,1806,976,830
,21/02/2022 13:53,1.11E07,1.08E07,2.91E05,97.4%,15.5,DEFAULT,2358,2296,62
,21/02/2022 13:52,1.03E07,9.98E06,2.68E05,97.4%,16.2,DEFAULT,2183,2126,57
,21/02/2022 13:51,1.26E07,1.20E07,6.57E05,94.8%,14.0,DEFAULT,2690,2550,140
,21/02/2022 13:50,9.95E06,9.36E06,5.87E05,94.1%,14.3,DEFAULT,2118,1993,125
,21/02/2022 13:49,9.10E06,8.52E06,5.82E05,93.6%,14.3,DEFAULT,1938,1814,124
,21/02/2022 13:48,9.87E06,9.43E06,4.37E05,95.6%,14.6,DEFAULT,2102,2009,93
,21/02/2022 13:47,2.23E06,1.60E05,2.07E06,7.2%,11.3,DEFAULT,474,34,440
,21/02/2022 13:46,2.39E06,5.17E05,1.87E06,21.7%,9.3,DEFAULT,508,110,398
,21/02/2022 13:45,2.60E06,4.60E05,2.14E06,17.7%,10.3,DEFAULT,554,98,456
,21/02/2022 13:44,1.26E06,2.16E05,1.05E06,17.1%,7.6,DEFAULT,269,46,223
,21/02/2022 13:44,3.12E06,4.84E05,2.63E06,15.5%,10.1,DEFAULT,664,103,561
,21/02/2022 13:43,1.41E06,1.36E05,1.27E06,9.7%,7.6,DEFAULT,300,29,271
,21/02/2022 12:34,4.94E06,4.78E06,1.50E05,97.0%,12.2,DEFAULT,1051,1019,32
,21/02/2022 12:32,3.94E06,3.77E06,1.69E05,95.7%,16.8,DEFAULT,838,802,36
,21/02/2022 12:18,1.64E07,1.57E07,7.14E05,95.6%,14.1,DEFAULT,3486,3334,152
,21/02/2022 12:18,9.72E06,8.56E06,1.16E06,88.1%,14.5,DEFAULT,2070,1823,247
,21/02/2022 12:16,9.80E06,8.74E06,1.05E06,89.3%,14.5,DEFAULT,2086,1862,224
,21/02/2022 12:16,1.07E07,9.99E06,7.28E05,93.2%,14.2,DEFAULT,2283,2128,155
,21/02/2022 12:15,1.12E07,1.06E07,6.06E05,94.6%,14.6,DEFAULT,2378,2249,129
,21/02/2022 12:14,1.06E07,8.91E06,1.68E06,84.2%,13.6,DEFAULT,2255,1898,357
,21/02/2022 12:13,1.23E07,1.16E07,6.76E05,94.5%,14.4,DEFAULT,2616,2472,144
,21/02/2022 12:12,9.56E06,7.18E06,2.38E06,75.1%,13.5,DEFAULT,2035,1528,507
,21/02/2022 12:11,1.16E07,1.05E07,1.03E06,91.1%,13.8,DEFAULT,2464,2245,219
,21/02/2022 12:10,9.71E06,8.95E06,7.56E05,92.2%,14.0,DEFAULT,2067,1906,161
,21/02/2022 12:09,5.88E06,5.72E06,1.50E05,97.4%,12.3,DEFAULT,1251,1219,32
,18/02/2022 11:33,6.59E06,6.29E06,2.96E05,95.5%,15.3,DEFAULT,1403,1340,63
,18/02/2022 11:32,7.05E06,6.40E06,6.48E05,90.8%,15.3,DEFAULT,1501,1363,138
,18/02/2022 11:32,6.83E06,6.42E06,4.09E05,94.0%,15.1,DEFAULT,1455,1368,87
,18/02/2022 11:31,6.32E06,5.96E06,3.57E05,94.4%,14.9,DEFAULT,1346,1270,76
,18/02/2022 11:31,7.21E06,6.57E06,6.43E05,91.1%,14.5,DEFAULT,1536,1399,137
,18/02/2022 11:30,6.64E06,6.05E06,5.92E05,91.1%,14.4,DEFAULT,1415,1289,126
,18/02/2022 11:29,1.02E07,9.38E06,8.08E05,92.1%,14.2,DEFAULT,2170,1998,172
,18/02/2022 11:29,1.07E07,1.02E07,5.12E05,95.2%,13.4,DEFAULT,2274,2165,109
,18/02/2022 11:28,1.02E07,9.90E06,3.47E05,96.6%,14.8,DEFAULT,2182,2108,74
,18/02/2022 11:28,1.02E07,9.79E06,4.37E05,95.7%,14.3,DEFAULT,2178,2085,93
,18/02/2022 11:27,1.21E07,1.13E07,7.70E05,93.6%,14.1,DEFAULT,2577,2413,164
,18/02/2022 11:27,7.53E06,7.18E06,3.43E05,95.4%,14.7,DEFAULT,1603,1530,73
,18/02/2022 11:26,8.88E06,6.66E06,2.21E06,75.1%,12.3,DEFAULT,1890,1419,471
,18/02/2022 11:26,7.24E06,5.95E06,1.29E06,82.2%,11.9,DEFAULT,1542,1268,274
,18/02/2022 11:25,3.49E06,2.83E06,6.62E05,81.0%,12.5,DEFAULT,743,602,141
,18/02/2022 11:25,2.07E06,1.22E06,8.50E05,58.9%,11.6,DEFAULT,440,259,181
,18/02/2022 11:24,3.07E06,1.95E06,1.12E06,63.6%,12.0,DEFAULT,654,416,238
,18/02/2022 11:24,1.64E06,8.03E05,8.41E05,48.9%,11.6,DEFAULT,350,171,179
,18/02/2022 11:23,1.26E07,1.22E07,4.65E05,96.3%,13.4,DEFAULT,2689,2590,99
,18/02/2022 11:23,1.56E07,1.47E07,8.73E05,94.4%,13.5,DEFAULT,3312,3126,186
,18/02/2022 11:22,1.41E07,1.32E07,9.25E05,93.4%,12.9,DEFAULT,3006,2809,197
,18/02/2022 11:21,1.33E07,1.27E07,5.87E05,95.6%,13.4,DEFAULT,2837,2712,125
,18/02/2022 11:20,1.46E07,1.38E07,8.08E05,94.5%,13.5,DEFAULT,3104,2932,172
,18/02/2022 11:20,1.31E07,1.25E07,6.57E05,95.0%,13.6,DEFAULT,2799,2659,140
,18/02/2022 11:19,3.91E06,8.88E05,3.02E06,22.7%,12.6,DEFAULT,832,189,643
,18/02/2022 11:19,8.55E06,3.70E06,4.86E06,43.2%,11.4,DEFAULT,1821,787,1034
,18/02/2022 11:18,1.09E06,2.63E05,8.31E05,24.0%,9.0,DEFAULT,233,56,177
,18/02/2022 11:17,3.55E06,1.82E06,1.73E06,51.3%,10.3,DEFAULT,755,387,368
,18/02/2022 11:17,2.27E06,5.63E05,1.70E06,24.8%,10.9,DEFAULT,483,120,363
,18/02/2022 11:17,1.47E06,3.76E05,1.09E06,25.6%,8.3,DEFAULT,312,80,232
,18/02/2022 11:05,8.21E06,8.09E06,1.17E05,98.6%,12.1,DEFAULT,1748,1723,25
,18/02/2022 11:03,9.59E06,9.40E06,1.92E05,98.0%,11.7,DEFAULT,2043,2002,41
,18/02/2022 11:02,7.81E06,7.69E06,1.27E05,98.4%,12.7,DEFAULT,1664,1637,27
,18/02/2022 11:00,9.12E06,8.95E06,1.69E05,98.1%,12.0,DEFAULT,1942,1906,36
,18/02/2022 10:59,9.48E06,9.33E06,1.46E05,98.5%,11.9,DEFAULT,2018,1987,31
,18/02/2022 10:58,1.05E07,1.04E07,1.31E05,98.7%,11.8,DEFAULT,2232,2204,28